英語名,日本語名,パワー,タフネス,レアリティ,タイプ,マナコスト,能力
　AlwaysWatching,永遠の見守り（とわのみまもり）,,,　レア,　エンチャント,　１白白,あなたがコントロールするトークンでないクリーチャーは、+1/+1の修整を受けるとともに警戒を持つ。
　AngelofDeliverance,救出の天使（きゅうしゅつのてんし）,　6,6,　レア,　クリーチャー,　６白白,飛行昂揚―救出の天使がダメージを与えるたび、あなたの墓地にあるカードにカード・タイプが合計４種類以上含まれる場合、対戦相手がコントロールするクリーチャー１体を対象とし、それを追放する。
　AngelicPurge,天使の粛清（てんしのしゅくせい）,　6,6,　コモン,　ソーサリー,　２白,天使の粛清を唱えるための追加コストとして、パーマネントを１つ生け贄に捧げる。アーティファクト１つかクリーチャー１体かエンチャント１つを対象とし、それを追放する。
　ApothecaryGeist,薬剤師の霊（やくざいしのれい）,　2,3,　コモン,　クリーチャー,　３白,飛行薬剤師の霊が戦場に出たとき、あなたが他のスピリット(Spirit)をコントロールしている場合、あなたは３点のライフを得る。
　Avacyn thePurifier,浄化の天使、アヴァシン（じょうかのてんしあう゛ぁしん）,　6,5,　神話レア,　〔赤〕伝説のクリーチャー,　３白白,瞬速飛行、警戒大天使アヴァシンが戦場に出たとき、ターン終了時まで、あなたがコントロールするクリーチャーは破壊不能を得る。あなたがコントロールする天使(Angel)でないクリーチャーが１体死亡したとき、次のアップキープの開始時に、大天使アヴァシンを変身させる。飛行このクリーチャーが浄化の天使、アヴァシンに変身したとき、これは他の各クリーチャーと各対戦相手にそれぞれ３点のダメージを与える。
　LunarchInquisitors,月皇の審問官（げっこうのしんもんかん）,　4,4,　アンコモン,　〔白〕クリーチャー,　３白,あなたの終了ステップの開始時に、アヴァシン教の宣教師が装備している場合、これを変身させる。このクリーチャーが月皇の審問官に変身したとき、他のクリーチャー１体を対象とする。あなたは月皇の審問官が戦場を離れるまでそれを追放してもよい。
　BoundbyMoonsilver,月銀の拘束（つきぎんのこうそく）,　4,4,　アンコモン,　エンチャント,　２白,エンチャント（クリーチャー）エンチャントされているクリーチャーでは攻撃したりブロックしたりできず、それは変身できない。他のパーマネント１つを生け贄に捧げる：クリーチャー１体を対象とし、月銀の拘束をそれにつける。この能力は、あなたがソーサリーを唱えられるときにのみ、毎ターン１回のみ起動できる。
　BygoneBishop,往時の主教（おうじのしゅきょう）,　2,3,　レア,　クリーチャー,　２白,飛行あなたが点数で見たマナ・コストが３以下のクリーチャー呪文を１つ唱えるたび、調査を行う。（「(２) このアーティファクトを生け贄に捧げる：カードを１枚引く。」を持つ無色の手掛かり(Clue)アーティファクト・トークンを１つ戦場に出す。）
　Cathar'sCompanion,聖戦士の相棒（せいせんしのあいぼう）,　3,1,　コモン,　クリーチャー,　２白,あなたがクリーチャーでない呪文を１つ唱えるたび、ターン終了時まで、聖戦士の相棒は破壊不能を得る。（ダメージや「破壊」と書かれた効果では、これは破壊されない。）
　Chaplain'sBlessing,司祭の祈り（しさいのいのり）,　3,1,　コモン,　ソーサリー,　白,あなたは５点のライフを得る。
　DauntlessCathar,不屈の聖戦士（ふくつのせいせんし）,　3,2,　コモン,　クリーチャー,　２白,(１)(白) あなたの墓地から不屈の聖戦士を追放する：飛行を持つ白の1/1のスピリット(Spirit)・クリーチャー・トークンを１体戦場に出す。この能力は、あなたがソーサリーを唱えられるときにのみ起動できる。
　DeclarationinStone,石の宣告（いしのせんこく）,　3,2,　レア,　ソーサリー,　１白,クリーチャー１体を対象とする。それと、それのコントローラーがコントロールするそれと同じ名前を持つ他のクリーチャーをすべて追放する。そのプレイヤーは、これにより追放されたトークンでないクリーチャー１体につき１回調査を行う。
　DescendupontheSinful,罪人への急襲（ざいにんへのきゅうしゅう）,　3,2,　神話レア,　ソーサリー,　４白白,すべてのクリーチャーを追放する。昂揚―あなたの墓地にあるカードにカード・タイプが合計４種類以上含まれるなら、飛行を持つ白の4/4の天使(Angel)クリーチャー・トークンを１体戦場に出す。
　DevilthornFox,悪魔の棲家の狐（あくまのすみかのきつね）,　3,1,　コモン,　クリーチャー,　１白,
　DrogskolCavalry,ドラグスコルの騎兵（どらぐすこるのきへい）,　4,4,　レア,　クリーチャー,　５白白,飛行他のスピリット(Spirit)が１体あなたのコントロール下で戦場に出るたび、あなたは２点のライフを得る。(３)(白)：飛行を持つ白の1/1のスピリット・クリーチャー・トークンを１体戦場に出す。
　EerieInterlude,奇妙な幕間（きみょうなまくあい）,　4,4,　レア,　インスタント,　２白,あなたがコントロールする望む数のクリーチャーを対象とし、それらを追放する。次の終了ステップの開始時に、それらのカードをオーナーのコントロール下で戦場に戻す。
　EmissaryoftheSleepless,眠れぬ者の使者（ねむれぬもののししゃ）,　2,4,　コモン,　クリーチャー,　４白,飛行眠れぬ者の使者が戦場に出たとき、このターンにクリーチャーが死亡していた場合、飛行を持つ白の1/1のスピリット(Spirit)・クリーチャー・トークンを１体戦場に出す。
　EtherealGuidance,天上からの導き（てんじょうからのみちびき）,　2,4,　コモン,　ソーサリー,　２白,ターン終了時まで、あなたがコントロールするクリーチャーは+2/+1の修整を受ける。
　ExposeEvil,邪悪の暴露（じゃあくのばくろ）,　2,4,　コモン,　インスタント,　１白,クリーチャーを最大２体まで対象とし、それらをタップする。調査を行う。（「(２) このアーティファクトを生け贄に捧げる：カードを１枚引く。」を持つ無色の手掛かり(Clue)アーティファクト・トークンを１つ戦場に出す。）
　Gryff'sBoon,グリフの加護（ぐりふのかご）,　2,4,　アンコモン,　エンチャント,　白,エンチャント（クリーチャー）エンチャントされているクリーチャーは、+1/+0の修整を受けるとともに飛行を持つ。(３)(白)：クリーチャー１体を対象とする。あなたの墓地からグリフの加護をそのクリーチャーにつけられている状態で戦場に戻す。この能力は、あなたがソーサリーを唱えられるときにのみ起動できる。
　WestvaleCultLeader,ウェストヴェイル教団の指導者（うぇすとう゛ぇいるきょうだんのしどうしゃ）,　*,*,　レア,　〔白〕クリーチャー,　１白,あなたのアップキープの開始時に、あなたがクリーチャーを４体以上コントロールしている場合、ハンウィアーの民兵隊長を変身させる。ウェストヴェイル教団の指導者のパワーとタフネスはそれぞれ、あなたがコントロールするクリーチャーの総数に等しい。あなたの終了ステップの開始時に、白であり黒である1/1の人間(Human)・クレリック(Cleric)・クリーチャー・トークンを１体戦場に出す。
　HopeAgainstHope,死中に活（しちゅうにかつ）,　*,*,　アンコモン,　エンチャント,　２白,エンチャント（クリーチャー）エンチャントされているクリーチャーは、あなたがコントロールするクリーチャー１体につき+1/+1の修整を受ける。エンチャントされているクリーチャーが人間(Human)であるかぎり、それは先制攻撃を持つ。
　HumbletheBrute,粗暴者の貶め（そぼうしゃのおとしめ）,　*,*,　アンコモン,　インスタント,　４白,パワーが４以上のクリーチャー１体を対象とし、それを破壊する。調査を行う。（「(２) このアーティファクトを生け贄に捧げる：カードを１枚引く。」を持つ無色の手掛かり(Clue)アーティファクト・トークンを１つ戦場に出す。）
　Inquisitor'sOx,審問官の雄牛（しんもんかんのおうし）,　2,5,　コモン,　クリーチャー,　３白,昂揚―あなたの墓地にあるカードにカード・タイプが合計４種類以上含まれるかぎり、審問官の雄牛は+1/+0の修整を受けるとともに警戒を持つ。
　InspiringCaptain,鼓舞する隊長（こぶするたいちょう）,　3,3,　コモン,　クリーチャー,　３白,鼓舞する隊長が戦場に出たとき、ターン終了時まで、あなたがコントロールするクリーチャーは+1/+1の修整を受ける。
　MilitantInquisitor,戦闘的な審問官（せんとうてきなしんもんかん）,　2,3,　コモン,　クリーチャー,　２白,戦闘的な審問官は、あなたがコントロールする装備品(Equipment)１つにつき+1/+0の修整を受ける。
　MoorlandDrifter,ムーアランドの流れ者（むーあらんどのながれもの）,　2,2,　コモン,　クリーチャー,　１白,昂揚―あなたの墓地にあるカードにカード・タイプが合計４種類以上含まれるかぎり、ムーアランドの流れ者は飛行を持つ。
　Nahiri'sMachinations,ナヒリの策謀（なひりのさくぼう）,　2,2,　アンコモン,　エンチャント,　１白,あなたのターンの戦闘の開始時に、あなたがコントロールするクリーチャー１体を対象とする。ターン終了時まで、それは破壊不能を得る。(１)(赤)：ブロック・クリーチャー１体を対象とする。ナヒリの策謀はそれに１点のダメージを与える。
　NearheathChaplain,近野の司祭（ちかののしさい）,　3,1,　アンコモン,　クリーチャー,　３白,絆魂(２)(白) あなたの墓地から近野の司祭を追放する：飛行を持つ白の1/1のスピリット(Spirit)・クリーチャー・トークンを２体戦場に出す。この能力は、あなたがソーサリーを唱えられるときにのみ起動できる。
　NotForgotten,忘られじ（わすられじ）,　3,1,　アンコモン,　ソーサリー,　１白,墓地からカード１枚を対象とし、それをオーナーのライブラリーの一番上か一番下に置く。飛行を持つ白の1/1のスピリット(Spirit)・クリーチャー・トークンを１体戦場に出す。
　Odric LunarchMarshal,月皇の司令官、オドリック（げっこうのしれいかんおどりっく）,　3,3,　レア,　伝説のクリーチャー,　３白,各戦闘の開始時に、あなたが１体以上の先制攻撃を持つクリーチャーをコントロールしているなら、ターン終了時まで、あなたがコントロールするクリーチャーは先制攻撃を得る。飛行、接死、二段攻撃、速攻、呪禁、破壊不能、絆魂、威迫、到達、潜伏、トランプル、警戒についても同様である。
　OpentheArmory,武器庫の開放（ぶきこのかいほう）,　3,3,　アンコモン,　ソーサリー,　１白,あなたのライブラリーからオーラ(Aura)・カード１枚か装備品(Equipment)カード１枚を探し、それを公開してあなたの手札に加える。その後、あなたのライブラリーを切り直す。
　ParanoidParish-Blade,偏執的な教区刃（へんしつてきなきょうくやいば）,　3,2,　アンコモン,　クリーチャー,　２白,昂揚―あなたの墓地にあるカードにカード・タイプが合計４種類以上含まれるかぎり、偏執的な教区刃は+1/+0の修整を受けるとともに先制攻撃を持つ。
　WaywardDisciple,むら気な信奉者（むらきなしんぽうしゃ）,　2,4,　アンコモン,　〔黒〕クリーチャー,　２白,敬虔な福音者か他のクリーチャーが１体あなたのコントロール下で戦場に出るたび、あなたは１点のライフを得る。(２) (Ｔ) 他のパーマネント１つを生け贄に捧げる：敬虔な福音者を変身させる。むら気な信奉者かあなたがコントロールする他のクリーチャーが１体死亡するたび、対戦相手１人を対象とする。そのプレイヤーは１点のライフを失い、あなたは１点のライフを得る。
　PuncturingLight,刺し込む光（さしこむひかり）,　2,4,　コモン,　インスタント,　１白,攻撃かブロックしている、パワーが３以下のクリーチャー１体を対象とし、それを破壊する。
　ReaperofFlightMoonsilver,空翔る月銀の魂刈り（そらかけるつきぎんのたましいがり）,　3,3,　アンコモン,　クリーチャー,　３白白,飛行昂揚―他のクリーチャー１体を生け贄に捧げる：ターン終了時まで、空翔る月銀の魂刈りは+2/+1の修整を受ける。この能力は、あなたの墓地にあるカードにカード・タイプが合計４種類以上含まれるときにのみ起動できる。
　Silverstrike,銀の一撃（ぎんのいちげき）,　3,3,　アンコモン,　インスタント,　３白,攻撃クリーチャー１体を対象とし、それを破壊する。あなたは３点のライフを得る。
　SpectralShepherd,霊体の羊飼い（れいたいのひつじかい）,　2,2,　アンコモン,　クリーチャー,　２白,飛行(１)(青)：あなたがコントロールするスピリット(Spirit)１体を対象とし、それをオーナーの手札に戻す。
　SternConstable,厳格な巡邏官（げんかくなじゅんらかん）,　1,1,　コモン,　クリーチャー,　白,(Ｔ) カードを１枚捨てる：クリーチャー１体を対象とし、それをタップする。
　StrengthofArms,腕っぷし（うでっぷし）,　1,1,　コモン,　インスタント,　白,クリーチャー１体を対象とする。ターン終了時まで、それは+2/+2の修整を受ける。あなたが装備品(Equipment)をコントロールしているなら、白の1/1の人間(Human)・兵士(Soldier)クリーチャー・トークンを１体戦場に出す。
　SurvivetheNight,今夜を生き延びる（こんやをいきのびる）,　1,1,　コモン,　インスタント,　２白,クリーチャー１体を対象とする。ターン終了時まで、それは+1/+0の修整を受けるとともに破壊不能を得る。（ダメージや「破壊」と書かれた効果では、これは破壊されない。）調査を行う。（「(２) このアーティファクトを生け贄に捧げる：カードを１枚引く。」を持つ無色の手掛かり(Clue)アーティファクト・トークンを１つ戦場に出す。）
　Tenacity,執念（しゅうねん）,　1,1,　アンコモン,　インスタント,　３白,ターン終了時まで、あなたがコントロールするクリーチャーは+1/+1の修整を受けるとともに絆魂を得る。それらのクリーチャーをアンタップする。
　Thalia'sLieutenant,サリアの副官（さりあのふくかん）,　1,1,　レア,　クリーチャー,　１白,サリアの副官が戦場に出たとき、あなたがコントロールする他の各人間(Human)の上に+1/+1カウンターをそれぞれ１個置く。他の人間が１体あなたのコントロール下で戦場に出るたび、サリアの副官の上に+1/+1カウンターをそれぞれ１個置く。
　ThrabenInspector,スレイベンの検査官（すれいべんのけんさかん）,　1,2,　コモン,　クリーチャー,　白,スレイベンの検査官が戦場に出たとき、調査を行う。（「(２) このアーティファクトを生け贄に捧げる：カードを１枚引く。」を持つ無色の手掛かり(Clue)アーティファクト・トークンを１つ戦場に出す。）
　Topplegeist,倒し霊（たおしれい）,　1,1,　アンコモン,　クリーチャー,　白,飛行倒し霊が戦場に出たとき、対戦相手がコントロールするクリーチャー１体を対象とし、それをタップする。昂揚―各対戦相手のアップキープの開始時に、あなたの墓地にあるカードにカード・タイプが合計４種類以上含まれる場合、そのプレイヤーがコントロールするクリーチャー１体を対象とし、それをタップする。
　IncitedRabble,扇動された民衆（せんどうされたみんしゅう）,　2,3,　アンコモン,　〔赤〕クリーチャー,　白,(Ｔ) あなたがコントロールするアンタップ状態のクリーチャー１体をタップする：町のゴシップ屋を変身させる。各戦闘で、扇動された民衆は可能なら攻撃する。(２)：ターン終了時まで、扇動された民衆は+1/+0の修整を受ける。
　UnrulyMob,物騒な群衆（ぶっそうなぐんしゅう）,　1,1,　コモン,　クリーチャー,　１白,あなたがコントロールする他のクリーチャーが１体死亡するたび、物騒な群衆の上に+1/+1カウンターを１個置く。
　VesselofEphemera,刹那の器（せつなのうつわ）,　1,1,　コモン,　エンチャント,　１白,(２)(白) 刹那の器を生け贄に捧げる：飛行を持つ白の1/1のスピリット(Spirit)・クリーチャー・トークンを２体戦場に出す。
　PerfectedForm,完成態（かんせいたい）,　5,4,　アンコモン,　〔青〕クリーチャー,　３青,飛行あなたのアップキープの開始時に、あなたのライブラリーの一番上のカードをあなたの墓地に置く。それがインスタント・カードかソーサリー・カードなら、逸脱した研究者を変身させる。飛行
　BrokenConcentration,集中破り（しゅうちゅうやぶり）,　5,4,　アンコモン,　インスタント,　１青青,呪文１つを対象とし、それを打ち消す。マッドネス(３)(青)（あなたがこのカードを捨てるなら、これを追放領域に捨てる。あなたがそうしたとき、マッドネス・コストでこれを唱えるか、これをあなたの墓地に置く。）
　Catalog,目録（もくろく）,　5,4,　コモン,　インスタント,　２青,カードを２枚引き、その後カードを１枚捨てる。
　CompellingDeterrence,抗えない抑止（あらがえないよくし）,　5,4,　アンコモン,　インスタント,　１青,土地でないパーマネント１つを対象とし、それをオーナーの手札に戻す。あなたがゾンビ(Zombie)をコントロールしているなら、その後そのプレイヤーはカードを１枚捨てる。
　ConfirmSuspicions,疑惑の裏付け（ぎわくのうらづけ）,　5,4,　レア,　インスタント,　３青青,呪文１つを対象とし、それを打ち消す。調査を３回行う。（調査を行うとは、「(２) このアーティファクトを生け贄に捧げる：カードを１枚引く。」を持つ無色の手掛かり(Clue)アーティファクト・トークンを１つ戦場に出すことである。）
　BearerofOverwhelmingTruths,禁断の真相を知る者（きんだんのしんそうをしるもの）,　3,2,　アンコモン,　〔青〕クリーチャー,　１青,あなたが手掛かり(Clue)を１つ生け贄に捧げたとき、果敢な捜索者を変身させる。果敢（あなたがクリーチャーでない呪文を１つ唱えるたび、ターン終了時まで、このクリーチャーは+1/+1の修整を受ける。）禁断の真相を知る者がプレイヤー１人に戦闘ダメージを与えるたび、調査を行う。（「(２) このアーティファクトを生け贄に捧げる：カードを１枚引く。」を持つ無色の手掛かり(Clue)アーティファクト・トークンを１つ戦場に出す。）
　DenyExistence,存在の否定（そんざいのひてい）,　3,2,　コモン,　インスタント,　２青,クリーチャー呪文１つを対象とし、それを打ち消す。その呪文がこれにより打ち消されたなら、それをオーナーの墓地に置く代わりに追放する。
　DrownyardExplorers,溺墓の探検者（できぼのたんけんしゃ）,　2,4,　コモン,　クリーチャー,　３青,溺墓の探検者が戦場に出たとき、調査を行う。（「(２) このアーティファクトを生け贄に捧げる：カードを１枚引く。」を持つ無色の手掛かり(Clue)アーティファクト・トークンを１つ戦場に出す。）
　DrunauCorpseTrawler,ドルナウの死体あさり（どるなうのしたいあさり）,　1,1,　アンコモン,　クリーチャー,　３青,ドルナウの死体あさりが戦場に出たとき、黒の2/2のゾンビ(Zombie)・クリーチャー・トークンを１体戦場に出す。(２)(黒)：ゾンビ１体を対象とする。ターン終了時まで、それは接死を得る。
　EngulftheShore,岸の飲み込み（きしののみこみ）,　1,1,　レア,　インスタント,　３青,タフネスがあなたのコントロールする島(Island)の総数以下であるクリーチャーをすべてオーナーの手札に戻す。
　EpiphanyattheDrownyard,溺墓での天啓（できぼでのてんけい）,　1,1,　レア,　インスタント,　Ｘ青,あなたのライブラリーの一番上からＸに１を足した枚数のカードを公開し、それらを２つの束に分ける。対戦相手１人はそのうちの束１つを選ぶ。選ばれた束をあなたの手札に加え、もう一方をあなたの墓地に置く。
　ErdwalIlluminator,エルドワルの照光（えるどわるのしょうこう）,　1,3,　アンコモン,　クリーチャー,　１青,飛行あなたが各ターン最初に調査を行うたび、追加で調査を１回行う。
　EssenceFlux,本質の変転（ほんしつのへんてん）,　1,3,　アンコモン,　インスタント,　青,あなたがコントロールするクリーチャー１体を対象とし、それを追放する。その後、そのカードをオーナーのコントロール下で戦場に戻す。それがスピリット(Spirit)であるなら、それの上に+1/+1カウンターを１個置く。
　FleetingMemories,束の間の記憶（つかのまのきおく）,　1,3,　アンコモン,　エンチャント,　２青,束の間の記憶が戦場に出たとき、調査を行う。（「(２) このアーティファクトを生け贄に捧げる：カードを１枚引く。」を持つ無色の手掛かり(Clue)アーティファクト・トークンを１つ戦場に出す。）あなたが手掛かりを１つ生け贄に捧げるたび、プレイヤー１人を対象とする。そのプレイヤーは自分のライブラリーの一番上から３枚のカードを自分の墓地に置く。
　ForgottenCreation,忘れられた作品（わすれられたさくひん）,　3,3,　レア,　クリーチャー,　３青,潜伏（このクリーチャーは、これより大きなパワーを持つクリーチャーによってはブロックされない。）あなたのアップキープの開始時に、あなたはあなたの手札にあるカードをすべて捨ててもよい。そうしたなら、その枚数に等しい枚数のカードを引く。
　FurtiveHomunculus,隠れるホムンクルス（かくれるほむんくるす）,　2,1,　コモン,　クリーチャー,　１青,潜伏（このクリーチャーは、これより大きなパワーを持つクリーチャーによってはブロックされない。）
　Geralf'sMasterpiece,ゲラルフの傑作（げらるふのけっさく）,　7,7,　神話レア,　クリーチャー,　３青青,飛行ゲラルフの傑作は、あなたの手札にあるカード１枚につき-1/-1の修整を受ける。(３)(青) カードを３枚捨てる：あなたの墓地からゲラルフの傑作をタップ状態で戦場に戻す。
　GhostlyWings,かそけき翼（かそけきつばさ）,　7,7,　コモン,　エンチャント,　１青,エンチャント（クリーチャー）エンチャントされているクリーチャーは、+1/+1の修整を受けるとともに飛行を持つ。カードを１枚捨てる：エンチャントされているクリーチャーを、オーナーの手札に戻す。
　GoneMissing,行方不明（ゆくえふめい）,　7,7,　コモン,　ソーサリー,　４青,パーマネント１つを対象とし、それをオーナーのライブラリーの一番上に置く。調査を行う。（「(２) このアーティファクトを生け贄に捧げる：カードを１枚引く。」を持つ無色の手掛かり(Clue)アーティファクト・トークンを１つ戦場に出す。）
　InvasiveSurgery,侵襲手術（しんしゅうしゅじゅつ）,　7,7,　アンコモン,　インスタント,　青,ソーサリー呪文１つを対象とし、それを打ち消す。昂揚―あなたの墓地にあるカードにカード・タイプが合計４種類以上含まれるなら、その呪文のコントローラーの墓地と手札とライブラリーからその呪文と同じ名前を持つカードを望む枚数探し、それらのカードを追放する。その後、そのプレイヤーは自分のライブラリーを切り直す。
　Jace UnravelerofSecrets,秘密の解明者、ジェイス（ひみつのかいめいしゃじぇいす）,　7,7,　神話レア,　プレインズウォーカー,　３青青,[+1]：占術１を行い、その後カードを１枚引く。[-2]：クリーチャー１体を対象とし、それをオーナーの手札に戻す。[-8]：あなたは「対戦相手１人が各ターンの自分の１つ目の呪文を唱えるたび、その呪文を打ち消す。」を持つ紋章を得る。　忠誠度：5
　Jace'sScrutiny,ジェイスの精査（じぇいすのせいさ）,　7,7,　コモン,　インスタント,　１青,クリーチャー１体を対象とする。ターン終了時まで、それは-4/-0の修整を受ける。調査を行う。（「(２) このアーティファクトを生け贄に捧げる：カードを１枚引く。」を持つ無色の手掛かり(Clue)アーティファクト・トークンを１つ戦場に出す。）
　JusttheWind,ただの風（ただのかぜ）,　7,7,　コモン,　インスタント,　１青,クリーチャー１体を対象とし、それをオーナーの手札に戻す。マッドネス(青)（あなたがこのカードを捨てるなら、これを追放領域に捨てる。あなたがそうしたとき、マッドネス・コストでこれを唱えるか、これをあなたの墓地に置く。）
　LamplighterofSelhoff,セルホフのランプ灯し（せるほふのらんぷともし）,　3,5,　コモン,　クリーチャー,　４青,セルホフのランプ灯しが戦場に出たとき、あなたが他のゾンビ(Zombie)をコントロールしている場合、あなたはカードを１枚引いてもよい。そうしたなら、カードを１枚捨てる。
　ManicScribe,躁の書記官（そうのしょきかん）,　0,3,　アンコモン,　クリーチャー,　１青,躁の書記官が戦場に出たとき、各対戦相手はそれぞれ自分のライブラリーの一番上から３枚のカードを自分の墓地に置く。昂揚―各対戦相手のアップキープの開始時に、あなたの墓地にあるカードにカード・タイプが合計４種類以上含まれる場合、そのプレイヤーは自分のライブラリーの一番上から３枚のカードを自分の墓地に置く。
　NaggingThoughts,収まらぬ思い（おさまらぬおもい）,　0,3,　コモン,　ソーサリー,　１青,あなたのライブラリーの一番上から２枚のカードを見る。そのうち１枚をあなたの手札に加え、もう１枚をあなたの墓地に置く。マッドネス(１)(青)（あなたがこのカードを捨てるなら、これを追放領域に捨てる。あなたがそうしたとき、マッドネス・コストでこれを唱えるか、これをあなたの墓地に置く。）
　NephaliaMoondrakes,ネファリアの月ドレイク（ねふぁりあのつきどれいく）,　5,5,　レア,　クリーチャー,　５青青,飛行ネファリアの月ドレイクが戦場に出たとき、クリーチャー１体を対象とする。ターン終了時まで、それは飛行を得る。(４)(青)(青) あなたの墓地からネファリアの月ドレイクを追放する：ターン終了時まで、あなたがコントロールするクリーチャーは飛行を得る。
　NiblisofDusk,薄暮のニブリス（はくぼのにぶりす）,　2,1,　コモン,　クリーチャー,　２青,飛行果敢（あなたがクリーチャーでない呪文を１つ唱えるたび、ターン終了時まで、このクリーチャーは+1/+1の修整を受ける。）
　OngoingInvestigation,継続する調査（けいぞくするちょうさ）,　2,1,　アンコモン,　エンチャント,　１青,あなたがコントロールする１体以上のクリーチャーがプレイヤー１人に戦闘ダメージを与えるたび、調査を行う。（「(２) このアーティファクトを生け贄に捧げる：カードを１枚引く。」を持つ無色の手掛かり(Clue)アーティファクト・トークンを１つ戦場に出す。）(１)(緑) あなたの墓地からクリーチャー・カード１枚を追放する：調査を行う。あなたは２点のライフを得る。
　PiecesofthePuzzle,パズルの欠片（ぱずるのかけら）,　2,1,　コモン,　ソーサリー,　２青,あなたのライブラリーの一番上から５枚のカードを公開する。その中からインスタント・カードやソーサリー・カードを最大２枚まであなたの手札に加え、残りをあなたの墓地に置く。
　PoreOverthePages,熟読（じゅくどく）,　2,1,　アンコモン,　ソーサリー,　３青青,カードを３枚引き、土地を最大２つアンタップし、その後カードを１枚捨てる。
　PressforAnswers,回答の強要（かいとうのきょうよう）,　2,1,　コモン,　ソーサリー,　１青,クリーチャー１体を対象とし、それをタップする。それは、そのコントローラーの次のアンタップ・ステップにアンタップしない。調査を行う。（「(２) このアーティファクトを生け贄に捧げる：カードを１枚引く。」を持つ無色の手掛かり(Clue)アーティファクト・トークンを１つ戦場に出す。）
　Rattlechains,鎖鳴らし（くさりならし）,　2,1,　レア,　クリーチャー,　１青,瞬速飛行鎖鳴らしが戦場に出たとき、スピリット(Spirit)１体を対象とする。ターン終了時まで、それは呪禁を得る。あなたはスピリット呪文を、それが瞬速を持っているかのように唱えてもよい。
　RecklessScholar,無謀な識者（むぼうなしきしゃ）,　2,1,　アンコモン,　クリーチャー,　２青,(Ｔ)：プレイヤー１人を対象とする。そのプレイヤーはカードを１枚引き、その後カードを１枚捨てる。
　RisefromtheTides,潮からの蘇生（しおからのそせい）,　2,1,　アンコモン,　ソーサリー,　５青,あなたの墓地にあるインスタント・カードとソーサリー・カードの合計に等しい数の、黒の2/2のゾンビ(Zombie)・クリーチャー・トークンをタップ状態で戦場に出す。
　SeagrafSkaab,海墓のスカーブ（かいぼのすかーぶ）,　1,3,　コモン,　クリーチャー,　１青,
　SilburlindSnapper,シルブールリンドのカミツキガメ（しるぶーるりんどのかみつきがめ）,　6,6,　コモン,　クリーチャー,　５青,あなたがこのターンにクリーチャーでない呪文を唱えていないかぎり、シルブールリンドのカミツキガメでは攻撃できない。
　SilentObserver,沈黙の観察者（ちんもくのかんさつしゃ）,　1,5,　コモン,　クリーチャー,　３青,飛行
　SleepParalysis,金縛り（かなしばり）,　1,5,　コモン,　エンチャント,　３青,エンチャント（クリーチャー）金縛りが戦場に出たとき、エンチャントされているクリーチャーをタップする。エンチャントされているクリーチャーは、それのコントローラーのアンタップ・ステップにアンタップしない。
　PersistentNightmare,絶え間ない悪夢（たえまないあくむ）,　1,1,　神話レア,　〔青〕クリーチャー,　２青青,対戦相手１人を対象とする。そのプレイヤーは、自分のライブラリーの一番上から１３枚のカードを自分の墓地に置く。(３)(青)(青)：あなたの墓地から驚恐の目覚めを変身させた状態で戦場に出す。この能力は、あなたがソーサリーを唱えられるときにのみ起動できる。潜伏（このクリーチャーは、これより大きなパワーを持つクリーチャーによってはブロックされない。）絶え間ない悪夢がプレイヤー１人に戦闘ダメージを与えたとき、これをオーナーの手札に戻す。
　StitchedMangler,縫合の刻み獣（ほうごうのきざみじゅう）,　2,3,　コモン,　クリーチャー,　２青,縫合の刻み獣はタップ状態で戦場に出る。縫合の刻み獣が戦場に出たとき、対戦相手がコントロールするクリーチャー１体を対象とし、それをタップする。そのクリーチャーは、それのコントローラーの次のアンタップ・ステップにアンタップしない。
　StitchwingSkaab,縫い翼のスカーブ（ぬいつばさのすかーぶ）,　3,1,　アンコモン,　クリーチャー,　３青,飛行(１)(青) カードを２枚捨てる：あなたの墓地から縫い翼のスカーブをタップ状態で戦場に戻す。
　StormriderSpirit,嵐乗りの精霊（あらしのりのせいれい）,　3,3,　コモン,　クリーチャー,　４青,瞬速（あなたはこの呪文を、あなたがインスタントを唱えられるときならいつでも唱えてよい。）飛行
　AwokenHorror,目覚めた恐怖（めざめたきょうふ）,　7,8,　レア,　〔青〕クリーチャー,　１青,防衛氷の中の存在は氷(ice)カウンターが４個置かれた状態で戦場に出る。あなたがインスタント呪文１つかソーサリー呪文１つを唱えるたび、氷の中の存在の上から氷カウンターを１個取り除く。その後、氷の中の存在の上に氷カウンターがないなら、これを変身させる。このクリーチャーが目覚めた恐怖に変身したとき、ホラー(Horror)でないすべてのクリーチャーをオーナーの手札に戻す。
　TrailofEvidence,証拠の痕跡（しょうこのこんせき）,　7,8,　アンコモン,　エンチャント,　２青,あなたがインスタント呪文かソーサリー呪文を１つ唱えるたび、調査を行う。（「(２) このアーティファクトを生け贄に捧げる：カードを１枚引く。」を持つ無色の手掛かり(Clue)アーティファクト・トークンを１つ戦場に出す。）
　UnimpededTrespasser,阻み難い侵入者（はばみがたいしんにゅうしゃ）,　3,3,　アンコモン,　〔青〕クリーチャー,　２青,潜伏（このクリーチャーは、これより大きなパワーを持つクリーチャーによってはブロックされない。）招かれざる霊がプレイヤー１人に戦闘ダメージを与えたとき、これを変身させる。阻み難い侵入者はブロックされない。
　VesselofParamnesia,健忘の器（けんぼうのうつわ）,　3,3,　コモン,　エンチャント,　１青,(青) 健忘の器を生け贄に捧げる：プレイヤー１人を対象とする。そのプレイヤーは、自分のライブラリーの一番上から３枚のカードを自分の墓地に置く。カードを１枚引く。
　WelcometotheFold,教団の歓迎（きょうだんのかんげい）,　3,3,　レア,　ソーサリー,　２青青,マッドネス(Ｘ)(青)(青)（あなたがこのカードを捨てるなら、これを追放領域に捨てる。あなたがそうしたとき、マッドネス・コストでこれを唱えるか、これをあなたの墓地に置く。）クリーチャー１体を対象とする。そのクリーチャーのタフネスが２以下であるなら、それのコントロールを得る。教団の歓迎のマッドネス・コストが支払われていたなら、代わりに、そのクリーチャーのタフネスがＸ以下であるなら、それのコントロールを得る。
　InfectiousCurse,感染性の呪い（かんせんせいののろい）,　4,2,　アンコモン,　〔黒〕エンチャント,　３黒,あなたの対戦相手が呪われた魔女を対象とする呪文を唱えるためのコストは(１)少なくなる。呪われた魔女が死亡したとき、対戦相手１人を対象とする。これを変身させた状態であなたのコントロール下でそのプレイヤーにつけられた状態で戦場に戻す。エンチャント（プレイヤー）あなたがエンチャントされているプレイヤーを対象とする呪文を唱えるためのコストは(１)少なくなる。エンチャントされているプレイヤーのアップキープの開始時に、そのプレイヤーは１点のライフを失い、あなたは１点のライフを得る。
　AlmsoftheVein,血管の施し（けっかんのほどこし）,　4,2,　コモン,　ソーサリー,　２黒,対戦相手１人を対象とする。そのプレイヤーは３点のライフを失い、あなたは３点のライフを得る。マッドネス(黒)（あなたがこのカードを捨てるなら、これを追放領域に捨てる。あなたがそうしたとき、マッドネス・コストでこれを唱えるか、これをあなたの墓地に置く。）
　AsylumVisitor,精神病棟の訪問者（せいしんびょうとうのほうもんしゃ）,　3,1,　レア,　クリーチャー,　１黒,各プレイヤーのアップキープの開始時に、そのプレイヤーの手札にカードがない場合、あなたはカードを１枚引き、１点のライフを失う。マッドネス(１)(黒)（あなたがこのカードを捨てるなら、これを追放領域に捨てる。あなたがそうしたとき、マッドネス・コストでこれを唱えるか、これをあなたの墓地に置く。）
　BehindtheScenes,裏工作（うらこうさく）,　3,1,　アンコモン,　エンチャント,　２黒,あなたがコントロールするクリーチャーは潜伏を持つ。（それらは、自身より大きなパワーを持つクリーチャーによってはブロックされない。）(４)(白)：ターン終了時まで、あなたがコントロールするクリーチャーは+1/+1の修整を受ける。
　BeholdtheBeyond,来世の警告（らいせのけいこく）,　3,1,　神話レア,　ソーサリー,　５黒黒,あなたの手札を捨てる。あなたのライブラリーからカードを３枚探し、それらのカードをあなたの手札に加える。その後、あなたのライブラリーを切り直す。
　BitingRain,突き刺さる雨（つきささるあめ）,　3,1,　アンコモン,　ソーサリー,　２黒黒,ターン終了時まで、すべてのクリーチャーは-2/-2の修整を受ける。マッドネス(２)(黒)（あなたがこのカードを捨てるなら、これを追放領域に捨てる。あなたがそうしたとき、マッドネス・コストでこれを唱えるか、これをあなたの墓地に置く。）
　CalltheBloodline,血統の呼び出し（けっとうのよびだし）,　3,1,　アンコモン,　エンチャント,　１黒,(１) カードを１枚捨てる：絆魂を持つ黒の1/1の吸血鬼(Vampire)・騎士(Knight)クリーチャー・トークンを１体戦場に出す。この能力は、毎ターン１回のみ起動できる。
　CreepingDread,忍び寄る驚怖（しのびよるきょうふ）,　3,1,　アンコモン,　エンチャント,　３黒,あなたのアップキープの開始時に、各プレイヤーはそれぞれカードを１枚捨てる。あなたが捨てたカードと共通のカード・タイプを持つカードを捨てた各対戦相手は、それぞれ３点のライフを失う。（すべてのプレイヤーは捨てるカードを同時に公開する。）
　CrowofDarkTidings,闇告げカラス（やみつげからす）,　2,1,　コモン,　クリーチャー,　２黒,飛行闇告げカラスが戦場に出るか死亡したとき、あなたのライブラリーの一番上から２枚のカードをあなたの墓地に置く。
　DeadWeight,死の重み（しのおもみ）,　2,1,　コモン,　エンチャント,　黒,エンチャント（クリーチャー）エンチャントされているクリーチャーは-2/-2の修整を受ける。
　DiregrafColossus,戦墓の巨人（せんぼのきょじん）,　2,2,　レア,　クリーチャー,　２黒,戦墓の巨人は、あなたの墓地にあるゾンビ(Zombie)・カード１枚につき+1/+1カウンターが１個置かれた状態で戦場に出る。あなたがゾンビ呪文を１つ唱えるたび、黒の2/2のゾンビ・クリーチャー・トークンを１体タップ状態で戦場に出す。
　InsidiousMist,陰湿な霧（いんしつなきり）,　0,1,　レア,　〔青〕クリーチャー,　２黒黒,(１) カードを１枚捨てる：神出鬼没な拷問者を変身させる。呪禁、破壊不能陰湿な霧ではブロックできず、陰湿な霧はブロックされない。陰湿な霧が攻撃してブロックされないたび、あなたは(２)(黒)を支払ってもよい。そうしたなら、これを変身させる。
　EverAfter,末永く（すえながく）,　0,1,　レア,　ソーサリー,　４黒黒,あなたの墓地からクリーチャー・カードを最大２枚まで対象とし、それらを戦場に戻す。それらのクリーチャーは、他の色やタイプに加えて黒のゾンビ(Zombie)でもある。末永くをオーナーのライブラリーの一番下に置く。
　FarbogRevenant,遠沼の亡霊（とおぬまのぼうれい）,　1,3,　コモン,　クリーチャー,　２黒,潜伏（このクリーチャーは、これより大きなパワーを持つクリーチャーによってはブロックされない。）絆魂（このクリーチャーがダメージを与えると、さらにあなたはその点数分のライフを得る。）
　FromUndertheFloorboards,床下から（ゆかしたから）,　1,3,　レア,　ソーサリー,　３黒黒,マッドネス(Ｘ)(黒)(黒)（あなたがこのカードを捨てるなら、これを追放領域に捨てる。あなたがそうしたとき、マッドネス・コストでこれを唱えるか、これをあなたの墓地に置く。）黒の2/2のゾンビ(Zombie)・クリーチャー・トークンを３体タップ状態で戦場に出し、あなたは３点のライフを得る。床下からのマッドネス・コストが支払われていたなら、代わりに、同様のトークンをＸ体タップ状態で戦場に出し、あなたはＸ点のライフを得る。
　Ghoulcaller'sAccomplice,グール呼びの共犯者（ぐーるよびのきょうはんしゃ）,　2,2,　コモン,　クリーチャー,　１黒,(３)(黒) あなたの墓地からグール呼びの共犯者を追放する：黒の2/2のゾンビ(Zombie)・クリーチャー・トークンを１体戦場に出す。この能力は、あなたがソーサリーを唱えられるときにのみ起動できる。
　Ghoulsteed,グール馬（ぐーるば）,　4,4,　アンコモン,　クリーチャー,　４黒,(２)(黒) カードを２枚捨てる：あなたの墓地からグール馬をタップ状態で戦場に戻す。
　Gisa'sBidding,ギサの召集（ぎさのしょうしゅう）,　4,4,　アンコモン,　ソーサリー,　２黒黒,黒の2/2のゾンビ(Zombie)・クリーチャー・トークンを２体戦場に出す。マッドネス(２)(黒)（あなたがこのカードを捨てるなら、これを追放領域に捨てる。あなたがそうしたとき、マッドネス・コストでこれを唱えるか、これをあなたの墓地に置く。）
　GrotesqueMutation,奇怪な突然変異（きかいなとつぜんへんい）,　4,4,　コモン,　インスタント,　１黒,クリーチャー１体を対象とする。ターン終了時まで、それは+3/+1の修整を受けるとともに絆魂を得る。（そのクリーチャーがダメージを与えると、さらにそのコントローラーはその点数分のライフを得る。）
　HeirtotheNight,夜陰の後継者（やいんのこうけいしゃ）,　3,2,　アンコモン,　〔黒〕クリーチャー,　１黒,カードを１枚捨てる：ファルケンラスの後継者を変身させる。この能力は、毎ターン１回のみ起動できる。飛行
　HoundoftheFarbogs,遠沼の猟犬（とおぬまのりょうけん）,　5,3,　コモン,　クリーチャー,　４黒,昂揚―あなたの墓地にあるカードにカード・タイプが合計４種類以上含まれるかぎり、遠沼の猟犬は威迫を持つ。（威迫を持つクリーチャーは２体以上のクリーチャーによってしかブロックされない。）
　IndulgentAristocrat,甘やかす貴種（あまやかすきしゅ）,　1,1,　アンコモン,　クリーチャー,　黒,絆魂(２) クリーチャーを１体生け贄に捧げる：あなたがコントロールする各吸血鬼(Vampire)の上に+1/+1カウンターをそれぞれ１個置く。
　Demon-PossessedWitch,悪魔憑きの魔女（あくまつきのまじょ）,　4,3,　アンコモン,　〔黒〕クリーチャー,　２黒,昂揚―(２)(黒)：親切な余所者を変身させる。この能力は、あなたの墓地にあるカードにカード・タイプが合計４種類以上含まれるときにのみ起動できる。このクリーチャーが悪魔憑きの魔女に変身したとき、クリーチャー１体を対象とする。あなたはそれを破壊してもよい。
　Liliana'sIndignation,リリアナの憤り（りりあなのいきどおり）,　4,3,　アンコモン,　ソーサリー,　Ｘ黒,プレイヤー１人を対象とする。あなたのライブラリーの一番上からＸ枚のカードをあなたの墓地に置く。そのプレイヤーは、これによりあなたの墓地に置かれたクリーチャー・カード１枚につき２点のライフを失う。
　MacabreWaltz,死の円舞曲（しのえんぶきょく）,　4,3,　コモン,　ソーサリー,　１黒,あなたの墓地にあるクリーチャー・カードを最大２枚まで対象とし、それらをあなたの手札に戻す。その後カードを１枚捨てる。
　MarkovDreadknight,マルコフの戦慄騎士（まるこふのせんりつきし）,　3,3,　レア,　クリーチャー,　３黒黒,飛行(２)(黒) カードを１枚捨てる：マルコフの戦慄騎士の上に+1/+1カウンターを２個置く。
　MercilessResolve,無慈悲な決意（むじひなけつい）,　3,3,　コモン,　インスタント,　２黒,無慈悲な決意を唱えるための追加コストとして、クリーチャー１体か土地１つを生け贄に捧げる。カードを２枚引く。
　MindwrackDemon,精神壊しの悪魔（せいしんこわしのあくま）,　4,5,　神話レア,　クリーチャー,　２黒黒,飛行、トランプル精神壊しの悪魔が戦場に出たとき、あなたのライブラリーの一番上から４枚のカードをあなたの墓地に置く。昂揚―あなたのアップキープの開始時に、あなたの墓地にあるカードにカード・タイプが４種類以上含まれるのでないかぎり、あなたは４点のライフを失う。
　MorkrutNecropod,モークラットの屍蛞蝓（もーくらっとのしなめくじ）,　7,7,　アンコモン,　クリーチャー,　５黒,威迫（このクリーチャーは２体以上のクリーチャーによってしかブロックされない。）モークラットの屍蛞蝓が攻撃かブロックするたび、他のクリーチャー１体か他の土地１つを生け贄に捧げる。
　MurderousCompulsion,殺人衝動（さつじんしょうどう）,　7,7,　コモン,　ソーサリー,　１黒,タップ状態のクリーチャー１体を対象とし、それを破壊する。マッドネス(１)(黒)（あなたがこのカードを捨てるなら、これを追放領域に捨てる。あなたがそうしたとき、マッドネス・コストでこれを唱えるか、これをあなたの墓地に置く。）
　Olivia'sBloodsworn,オリヴィアの血誓い（おりう゛ぃあのちちかい）,　2,1,　アンコモン,　クリーチャー,　１黒,飛行オリヴィアの血誓いではブロックできない。(赤)：吸血鬼(Vampire)１体を対象とする。ターン終了時まで、それは速攻を得る。
　PaleRiderofTrostad,トロスタッドの死騎手（とろすたっどのしきしゅ）,　3,3,　アンコモン,　クリーチャー,　１黒,潜伏（このクリーチャーは、これより大きなパワーを持つクリーチャーによってはブロックされない。）トロスタッドの死騎手が戦場に出たとき、カード１枚を捨てる。
　PicktheBrain,知恵の拝借（ちえのはいしゃく）,　3,3,　アンコモン,　ソーサリー,　２黒,対戦相手１人を対象とする。そのプレイヤーは自分の手札を公開する。あなたはその中から土地でないカードを１枚選び、そのカードを追放する。昂揚―あなたの墓地にあるカードにカード・タイプが合計４種類以上含まれるなら、そのプレイヤーの墓地と手札とライブラリーからそのカードと同じ名前を持つカードを望む枚数探し、それらのカードを追放する。その後、そのプレイヤーは自分のライブラリーを切り直す。
　RancidRats,腐臭ネズミ（ふしゅうねずみ）,　1,1,　コモン,　クリーチャー,　１黒,潜伏（このクリーチャーは、これより大きなパワーを持つクリーチャーによってはブロックされない。）接死（これが何らかのダメージをクリーチャーに与えたら、それだけで破壊する。）
　RelentlessDead,無情な死者（むじょうなししゃ）,　2,2,　神話レア,　クリーチャー,　黒黒,威迫（このクリーチャーは２体以上のクリーチャーによってしかブロックされない。）無情な死者が死亡したとき、あなたは(黒)を支払ってもよい。そうしたなら、これをオーナーの手札に戻す。無情な死者が死亡したとき、あなたの墓地から点数で見たマナ・コストがＸの他のゾンビ(Zombie)・クリーチャー・カード１枚を対象とする。あなたは(Ｘ)を支払ってもよい。そうしたなら、それを戦場に戻す。
　RottenheartGhoul,腐敗心のグール（ふはいしんのぐーる）,　2,4,　コモン,　クリーチャー,　３黒,腐敗心のグールが死亡したとき、プレイヤー１人を対象とする。そのプレイヤーはカードを１枚捨てる。
　SanitariumSkeleton,療養所の骸骨（りょうようじょのがいこつ）,　1,2,　コモン,　クリーチャー,　黒,(２)(黒)：あなたの墓地から療養所の骸骨をあなたの手札に戻す。
　ShambleBack,よろめく帰還（よろめくきかん）,　1,2,　コモン,　ソーサリー,　黒,墓地からクリーチャー・カード１枚を対象とし、それを追放する。黒の2/2のゾンビ(Zombie)・クリーチャー・トークンを１体戦場に出す。あなたは２点のライフを得る。
　SinisterConcoction,悪意の調合（あくいのちょうごう）,　1,2,　アンコモン,　エンチャント,　黒,(黒) ライフを１点支払う あなたのライブラリーの一番上のカードをあなたの墓地に置く カードを１枚捨てる 悪意の調合を生け贄に捧げる：クリーチャー１体を対象とし、それを破壊する。
　StallionofAshmouth,灰口の雄馬（はいぐちのおうま）,　3,3,　コモン,　クリーチャー,　３黒,昂揚―(１)(黒)：ターン終了時まで、灰口の雄馬は+1/+1の修整を受ける。あなたの墓地にあるカードにカード・タイプが合計４種類以上含まれるときにのみ起動できる。
　StromkirkMentor,流城の導師（りゅうじょうのどうし）,　4,2,　コモン,　クリーチャー,　３黒,流城の導師が戦場に出たとき、あなたがコントロールする他の吸血鬼(Vampire)１体を対象とし、それの上に+1/+1カウンターを１個置く。
　Throttle,絞首（こうしゅ）,　4,2,　コモン,　インスタント,　４黒,クリーチャー１体を対象とする。ターン終了時まで、それは-4/-4の修整を受ける。
　TotheSlaughter,餌食（えじき）,　4,2,　レア,　インスタント,　２黒,プレイヤー１人を対象とする。そのプレイヤーはクリーチャー１体かプレインズウォーカー１体を生け贄に捧げる。昂揚―あなたの墓地にあるカードにカード・タイプが合計４種類以上含まれるなら、代わりに、そのプレイヤーはクリーチャー１体とプレインズウォーカー１体を生け贄に捧げる。
　ToothCollector,歯牙収集家（しがしゅうしゅうか）,　3,2,　アンコモン,　クリーチャー,　２黒,歯牙収集家が戦場に出たとき、対戦相手がコントロールするクリーチャー１体を対象とする。ターン終了時まで、それは-1/-1の修整を受ける。昂揚―各対戦相手のアップキープの開始時に、あなたの墓地にあるカードにカード・タイプが合計４種類以上含まれる場合、そのプレイヤーがコントロールするクリーチャー１体を対象とする。ターン終了時まで、それは-1/-1の修整を受ける。
　Triskaidekaphobia,十三恐怖症（じゅうさんきょうふしょう）,　3,2,　レア,　エンチャント,　３黒,あなたのアップキープの開始時に、１つを選ぶ。・ちょうど13点のライフを持つ各プレイヤーはそれぞれゲームに敗北する。その後、各プレイヤーはそれぞれ１点のライフを得る。・ちょうど13点のライフを持つ各プレイヤーはそれぞれゲームに敗北する。その後、各プレイヤーはそれぞれ１点のライフを失う。
　TwinsofMaurerEstate,マウアー地所の双子（まうあーじしょのふたご）,　3,5,　コモン,　クリーチャー,　４黒,マッドネス(２)(黒)（あなたがこのカードを捨てるなら、これを追放領域に捨てる。あなたがそうしたとき、マッドネス・コストでこれを唱えるか、これをあなたの墓地に置く。）
　VampireNoble,吸血貴族（きゅうけつきぞく）,　3,2,　コモン,　クリーチャー,　２黒,
　VesselofMalignity,悪意の器（あくいのうつわ）,　3,2,　コモン,　エンチャント,　１黒,(１)(黒) 悪意の器を生け贄に捧げる：対戦相手１人を対象とする。そのプレイヤーは自分の手札からカードを２枚追放する。この能力は、あなたがソーサリーを唱えられるときにのみ起動できる。
　Avacyn'sJudgment,アヴァシンの裁き（あう゛ぁしんのさばき）,　3,2,　レア,　ソーサリー,　１赤,マッドネス(Ｘ)(赤)（あなたがこのカードを捨てるなら、これを追放領域に捨てる。あなたがそうしたとき、マッドネス・コストでこれを唱えるか、これをあなたの墓地に置く。）望む数のクリーチャーやプレイヤーを対象とする。アヴァシンの裁きはそれらに２点のダメージをあなたの望むように分割して与える。アヴァシンの裁きのマッドネス・コストが支払われていたなら、代わりに、アヴァシンの裁きはそれらにＸ点のダメージをあなたの望むように分割して与える。
　BloodmadVampire,血狂いの吸血鬼（ちぐるいのきゅうけつき）,　4,1,　コモン,　クリーチャー,　２赤,血狂いの吸血鬼がプレイヤー１人に戦闘ダメージを与えるたび、これの上に+1/+1カウンターを１個置く。マッドネス(１)(赤)（あなたがこのカードを捨てるなら、これを追放領域に捨てる。あなたがそうしたとき、マッドネス・コストでこれを唱えるか、これをあなたの墓地に置く。）
　NeckBreaker,首折り（くびおり）,　4,3,　アンコモン,　〔赤〕クリーチャー,　１赤赤,各アップキープの開始時に、直前のターンに呪文が唱えられていなかった場合、首折れ路の乗り手を変身させる。あなたがコントロールする攻撃クリーチャーは+1/+0の修整を受けるとともにトランプルを持つ。各アップキープの開始時に、直前のターンにプレイヤー１人が２つ以上の呪文を唱えていた場合、首折りを変身させる。
　BurnfromWithin,内部着火（ないぶちゃっか）,　4,3,　レア,　ソーサリー,　Ｘ赤,クリーチャー１体かプレイヤー１人を対象とする。内部着火はそれにＸ点のダメージを与える。これによりクリーチャーにダメージが与えられたなら、ターン終了時まで、それは破壊不能を失う。そのクリーチャーがこのターンに死亡するなら、代わりにそれを追放する。
　BrandedHowler,焼き印の咆哮者（やきいんのほうこうしゃ）,　4,4,　コモン,　〔赤〕クリーチャー,　２赤,各アップキープの開始時に、直前のターンに呪文が唱えられていなかった場合、既決殺人犯を変身させる。各アップキープの開始時に、直前のターンにプレイヤー１人が２つ以上の呪文を唱えていた場合、焼き印の咆哮者を変身させる。
　DancewithDevils,悪魔と踊る（あくまとおどる）,　4,4,　アンコモン,　インスタント,　３赤,赤の1/1のデビル(Devil)・クリーチャー・トークンを２体戦場に出す。それらは「このクリーチャーが死亡したとき、クリーチャー１体かプレイヤー１人を対象とする。このクリーチャーはそれに１点のダメージを与える。」を持つ。
　Devils'Playground,悪魔の遊び場（あくまのあそびば）,　4,4,　レア,　ソーサリー,　４赤赤,赤の1/1のデビル(Devil)・クリーチャー・トークンを４体戦場に出す。それらは「このクリーチャーが死亡したとき、クリーチャー１体かプレイヤー１人を対象とする。このクリーチャーはそれに１点のダメージを与える。」を持つ。
　DissensionintheRanks,内部衝突（ないぶしょうとつ）,　4,4,　アンコモン,　インスタント,　３赤赤,ブロック・クリーチャー１体と他のブロック・クリーチャー１体を対象とする。その前者はその後者と格闘を行う。
　DualShot,両手撃ち（りょうてうち）,　4,4,　コモン,　インスタント,　赤,クリーチャーを最大２体まで対象とする。両手撃ちはそれらにそれぞれ１点のダメージを与える。
　Ember-EyeWolf,燃えさし眼の狼（もえさしめのおおかみ）,　1,2,　コモン,　クリーチャー,　１赤,速攻(１)(赤)：ターン終了時まで、燃えさし眼の狼は+2/+0の修整を受ける。
　FalkenrathGorger,ファルケンラスの過食者（ふぁるけんらすのかしょくしゃ）,　2,1,　レア,　クリーチャー,　赤,戦場にない、あなたがオーナーである各吸血鬼(Vampire)クリーチャー・カードはマッドネスを持つ。そのマッドネス・コストはそれのマナ・コストに等しい。（あなたがそのカードを捨てるなら、それを追放領域に捨てる。あなたがそうしたとき、マッドネス・コストでそれを唱えるか、それをあなたの墓地に置く。）
　FieryTemper,癇しゃく（かんしゃく）,　2,1,　コモン,　インスタント,　１赤赤,クリーチャー１体かプレイヤー１人を対象とする。癇しゃくはそれに３点のダメージを与える。マッドネス(赤)（あなたがこのカードを捨てるなら、これを追放領域に捨てる。あなたがそうしたとき、マッドネス・コストでこれを唱えるか、これをあなたの墓地に置く。）
　FlamebladeAngel,炎刃の天使（ほのおやいばのてんし）,　4,4,　レア,　クリーチャー,　４赤赤,飛行対戦相手がコントロールする発生源１つがあなたかあなたがコントロールするパーマネント１つにダメージを与えるたび、あなたは「炎刃の天使はその発生源のコントローラーに１点のダメージを与える。」を選んでもよい。
　GatstafRavagers,ガツタフの荒廃者（がつたふのこうはいしゃ）,　6,5,　コモン,　〔赤〕クリーチャー,　４赤,各アップキープの開始時に、直前のターンに呪文が唱えられていなかった場合、ガツタフの放火魔を変身させる。威迫（このクリーチャーは２体以上のクリーチャーによってしかブロックされない。）各アップキープの開始時に、直前のターンにプレイヤー１人が２つ以上の呪文を唱えていた場合、ガツタフの荒廃者を変身させる。
　Vildin-PackAlpha,ヴィルディン群れの頭目（う゛ぃるでぃんむれのとうもく）,　4,3,　レア,　〔赤〕クリーチャー,　２赤,速攻各アップキープの開始時に、直前のターンに呪文が唱えられていなかった場合、ガイアー岬の山賊を変身させる。狼男(Werewolf)が１体あなたのコントロール下で戦場に出るたび、あなたはそれを変身させてもよい。各アップキープの開始時に、直前のターンにプレイヤー１人が２つ以上の呪文を唱えていた場合、ヴィルディン群れの頭目を変身させる。
　Geistblast,霊魂破（れいこんは）,　4,3,　アンコモン,　インスタント,　２赤,クリーチャー１体かプレイヤー１人を対象とする。霊魂破はそれに２点のダメージを与える。(２)(青) あなたの墓地から霊魂破を追放する：あなたがコントロールする、インスタント呪文１つかソーサリー呪文１つを対象とし、それをコピーする。あなたはそのコピーの新しい対象を選んでもよい。
　GibberingFiend,つぶやく悪鬼（つぶやくあっき）,　2,1,　アンコモン,　クリーチャー,　１赤,つぶやく悪鬼が戦場に出たとき、これは各対戦相手にそれぞれ１点のダメージを与える。昂揚―各対戦相手のアップキープの開始時に、あなたの墓地にあるカードにカード・タイプが合計４種類以上含まれる場合、つぶやく悪鬼はそのプレイヤーに１点のダメージを与える。
　GoldnightCastigator,黄金夜の懲罰者（おうごんやのちょうばつしゃ）,　4,9,　神話レア,　クリーチャー,　２赤赤,飛行、速攻発生源があなたにダメージを与えるなら、代わりに、それはあなたにその点数の２倍のダメージを与える。発生源が黄金夜の懲罰者にダメージを与えるなら、代わりに、それは黄金夜の懲罰者にその点数の２倍のダメージを与える。
　HarnesstheStorm,嵐の活用（あらしのかつよう）,　4,9,　レア,　エンチャント,　２赤,あなたがあなたの手札からインスタント呪文１つかソーサリー呪文１つを唱えるたび、あなたの墓地からその呪文と同じ名前を持つカード１枚を対象とする。あなたはそれを唱えてもよい。（そのコストは支払う必要がある。）
　HowlpackWolf,吠え群れの狼（ほえむれのおおかみ）,　3,3,　コモン,　クリーチャー,　２赤,あなたが他の狼(Wolf)か他の狼男(Werewolf)をコントロールしていないかぎり、吠え群れの狼ではブロックできない。
　HulkingDevil,巨体の悪魔（きょたいのあくま）,　5,2,　コモン,　クリーチャー,　３赤,
　IncorrigibleYouths,手に負えない若輩（てにおえないじゃくはい）,　4,3,　アンコモン,　クリーチャー,　３赤赤,速攻マッドネス(２)(赤)（あなたがこのカードを捨てるなら、これを追放領域に捨てる。あなたがそうしたとき、マッドネス・コストでこれを唱えるか、これをあなたの墓地に置く。）
　InnerStruggle,内面の葛藤（ないめんのかっとう）,　4,3,　アンコモン,　インスタント,　３赤,クリーチャー１体を対象とする。それは自身に、自身のパワーに等しい点数のダメージを与える。
　InsolentNeonate,傲慢な新生子（ごうまんなしんせいし）,　1,1,　コモン,　クリーチャー,　赤,威迫（このクリーチャーは２体以上のクリーチャーによってしかブロックされない。）カードを１枚捨てる 傲慢な新生子を生け贄に捧げる：カードを１枚引く。
　FlameheartWerewolf,炎心の人狼（えんしんのじんろう）,　3,2,　アンコモン,　〔赤〕クリーチャー,　１赤,ケッシグの鍛冶場主がクリーチャー１体をブロックするかクリーチャー１体にブロックされた状態になるたび、ケッシグの鍛冶場主はそのクリーチャーに１点のダメージを与える。各アップキープの開始時に、直前のターンに呪文が唱えられていなかった場合、ケッシグの鍛冶場主を変身させる。炎心の人狼がクリーチャー１体をブロックするかクリーチャー１体にブロックされた状態になるたび、炎心の人狼はそのクリーチャーに２点のダメージを与える。各アップキープの開始時に、直前のターンにプレイヤー１人が２つ以上の呪文を唱えていた場合、炎心の人狼を変身させる。
　LightningAxe,稲妻の斧（いなずまのおの）,　3,2,　アンコモン,　インスタント,　赤,稲妻の斧を唱えるための追加コストとして、カードを１枚捨てるか(５)を支払う。クリーチャー１体を対象とする。稲妻の斧はそれに５点のダメージを与える。
　MadProphet,狂気の預言者（きょうきのよげんしゃ）,　2,2,　アンコモン,　クリーチャー,　３赤,速攻(Ｔ) カードを１枚捨てる：カードを１枚引く。
　MagmaticChasm,溶岩の地割れ（ようがんのじわれ）,　2,2,　コモン,　ソーサリー,　１赤,このターン、飛行を持たないクリーチャーではブロックできない。
　MalevolentWhispers,邪悪な囁き（じゃあくなささやき）,　2,2,　アンコモン,　ソーサリー,　３赤,クリーチャー１体を対象とする。ターン終了時まで、それのコントロールを得る。そのクリーチャーをアンタップする。ターン終了時まで、それは+2/+0の修整を受けるとともに速攻を得る。マッドネス(３)(赤)（あなたがこのカードを捨てるなら、これを追放領域に捨てる。あなたがそうしたとき、マッドネス・コストでこれを唱えるか、これをあなたの墓地に置く。）
　PyreHound,火の猟犬（ひのりょうけん）,　2,3,　コモン,　クリーチャー,　３赤,トランプルあなたがインスタント呪文１つかソーサリー呪文１つを唱えるたび、火の猟犬の上に+1/+1カウンターを１個置く。
　RavenousBloodseeker,貪欲な求血者（どんよくなきゅうけつしゃ）,　1,3,　アンコモン,　クリーチャー,　１赤,カードを１枚捨てる：ターン終了時まで、貪欲な求血者は+2/-2の修整を受ける。
　ReducetoAshes,灰と化す（はいとかす）,　1,3,　コモン,　ソーサリー,　４赤,クリーチャー１体を対象とする。灰と化すはそれに５点のダメージを与える。そのクリーチャーがこのターンに死亡するなら、代わりにそれを追放する。
　RushofAdrenaline,アドレナリン作用（あどれなりんさよう）,　1,3,　コモン,　インスタント,　赤,クリーチャー１体を対象とする。ターン終了時まで、それは+2/+1の修整を受けるとともにトランプルを得る。
　SanguinaryMage,苛虐な魔道士（かぎゃくなまどうし）,　1,3,　コモン,　クリーチャー,　１赤,果敢（あなたがクリーチャーでない呪文を１つ唱えるたび、ターン終了時まで、このクリーチャーは+1/+1の修整を受ける。）
　ScourgeWolf,災いの狼（わざわいのおおかみ）,　2,2,　レア,　クリーチャー,　赤赤,先制攻撃昂揚―あなたの墓地にあるカードにカード・タイプが合計４種類以上含まれるかぎり、災いの狼は二段攻撃を持つ。
　SenselessRage,無差別な怒り（むさべつないかり）,　2,2,　コモン,　エンチャント,　１赤,エンチャント（クリーチャー）エンチャントされているクリーチャーは+2/+2の修整を受ける。マッドネス(１)(赤)（あなたがこのカードを捨てるなら、これを追放領域に捨てる。あなたがそうしたとき、マッドネス・コストでこれを唱えるか、これをあなたの墓地に置く。）
　SinProdder,罪を誘うもの（つみをさそうもの）,　3,2,　レア,　クリーチャー,　２赤,威迫あなたのアップキープの開始時に、あなたのライブラリーの一番上のカードを公開する。どの対戦相手も「あなたはそのカードをあなたの墓地に置く。」を選んでもよい。あるプレイヤーがそうしたなら、罪を誘うものはそのプレイヤーにそのカードの点数で見たマナ・コストに等しい点数のダメージを与える。誰もそうしないなら、そのカードをあなたの手札に加える。
　SkinShedder,皮膚から抜け出たもの（ひふからぬけでたもの）,　3,4,　アンコモン,　〔赤〕クリーチャー,　赤,エンチャント（クリーチャー）各戦闘で、エンチャントされているクリーチャーは可能なら攻撃する。エンチャントされているクリーチャーが死亡したとき、皮膚への侵入を変身させた状態であなたのコントロール下で戦場に戻す。
　SpitefulMotives,悪意ある動機（あくいあるどうき）,　3,4,　アンコモン,　エンチャント,　３赤,瞬速（あなたはこの呪文を、あなたがインスタントを唱えられるときならいつでも唱えてよい。）エンチャント（クリーチャー）エンチャントされているクリーチャーは+3/+0の修整を受けるとともに先制攻撃を持つ。
　StensiaMasquerade,ステンシア仮面舞踏会（すてんしあかめんぶとうかい）,　3,4,　アンコモン,　エンチャント,　２赤,あなたがコントロールする攻撃クリーチャーは先制攻撃を持つ。あなたがコントロールする吸血鬼(Vampire)１体がプレイヤー１人に戦闘ダメージを与えるたび、それの上に+1/+1カウンターを１個置く。マッドネス(２)(赤)（あなたがこのカードを捨てるなら、これを追放領域に捨てる。あなたがそうしたとき、マッドネス・コストでこれを唱えるか、これをあなたの墓地に置く。）
　StructuralDistortion,構造のひずみ（こうぞうのひずみ）,　3,4,　コモン,　ソーサリー,　３赤,アーティファクト１つか土地１つを対象とし、それを追放する。構造のひずみはそのパーマネントのコントローラーに２点のダメージを与える。
　TormentingVoice,苦しめる声（くるしめるこえ）,　3,4,　コモン,　ソーサリー,　１赤,苦しめる声を唱えるための追加コストとしてカードを１枚捨てる。カードを２枚引く。
　Ulrich'sKindred,ウルリッチの同族（うるりっちのどうぞく）,　3,2,　アンコモン,　クリーチャー,　２赤,トランプル(３)(緑)：攻撃している、狼(Wolf)１体か狼男(Werewolf)１体を対象とする。ターン終了時まで、それは破壊不能を得る。
　UncagedFury,放たれた怒り（はなたれたいかり）,　3,2,　コモン,　インスタント,　２赤,クリーチャー１体を対象とする。ターン終了時まで、それは+1/+1の修整を受けるとともに二段攻撃を得る。（それは先制攻撃と通常の戦闘ダメージの両方を与える。）
　VesselofVolatility,突沸の器（とっぷつのうつわ）,　3,2,　コモン,　エンチャント,　１赤,(１)(赤) 突沸の器を生け贄に捧げる：あなたのマナ・プールに(赤)(赤)(赤)(赤)を加える。
　MoonriseIntruder,月の出の侵入者（つきのでのしんにゅうしゃ）,　2,2,　アンコモン,　〔赤〕クリーチャー,　赤,速攻各アップキープの開始時に、直前のターンに呪文が唱えられていなかった場合、村の伝書士を変身させる。威迫（このクリーチャーは２体以上のクリーチャーによってしかブロックされない。）各アップキープの開始時に、直前のターンにプレイヤー１人が２つ以上の呪文を唱えていた場合、月の出の侵入者を変身させる。
　VoldarenDuelist,ヴォルダーレンの決闘者（う゛ぉるだーれんのけっとうしゃ）,　3,2,　コモン,　クリーチャー,　３赤,速攻ヴォルダーレンの決闘者が戦場に出たとき、クリーチャー１体を対象とする。このターン、それではブロックできない。
　WolfofDevil'sBreach,悪魔の棲家の狼（あくまのすみかのおおかみ）,　5,5,　神話レア,　クリーチャー,　３赤赤,悪魔の棲家の狼が攻撃するたび、クリーチャー１体かプレインズウォーカー１体を対象とする。あなたは(１)(赤)を支払うとともにカードを１枚捨ててもよい。そうしたなら、悪魔の棲家の狼はそれに、捨てたカードの点数で見たマナ・コストに等しい点数のダメージを与える。
　AimHigh,狙いは高く（ねらいはたかく）,　5,5,　コモン,　インスタント,　１緑,クリーチャー１体を対象とし、それをアンタップする。ターン終了時まで、それは+2/+2の修整を受けるとともに到達を得る。（それは飛行を持つクリーチャーをブロックできる。）
　AncientoftheEquinox,秋分の古きもの（しゅうぶんのふるきもの）,　4,4,　アンコモン,　〔緑〕クリーチャー,　２緑,(黒)：あなたのライブラリーの一番上のカードをあなたの墓地に置く。昂揚―あなたの終了ステップの開始時に、あなたの墓地にあるカードにカード・タイプが合計４種類以上含まれる場合、秋の憂鬱を変身させる。トランプル、呪禁
　BriarbridgePatrol,茨橋の巡回兵（いばらばしのじゅんかいへい）,　3,3,　アンコモン,　クリーチャー,　３緑,茨橋の巡回兵がクリーチャー１体以上にダメージを与えるたび、調査を行う。（「(２) このアーティファクトを生け贄に捧げる：カードを１枚引く。」を持つ無色の手掛かり(Clue)アーティファクト・トークンを１つ戦場に出す。）各終了ステップの開始時に、あなたがこのターンに手掛かりを３つ以上生け贄に捧げていた場合、あなたはあなたの手札からクリーチャー・カードを１枚戦場に出してもよい。
　BywayCourier,裏道の急使（うらみちのきゅうし）,　3,2,　コモン,　クリーチャー,　２緑,裏道の急使が死亡したとき、調査を行う。（「(２) このアーティファクトを生け贄に捧げる：カードを１枚引く。」を持つ無色の手掛かり(Clue)アーティファクト・トークンを１つ戦場に出す。）
　ClipWings,翼切り（つばさきり）,　3,2,　コモン,　インスタント,　１緑,各対戦相手はそれぞれ、飛行を持つクリーチャー１体を生け贄に捧げる。
　ConfronttheUnknown,未知との対決（みちとのたいけつ）,　3,2,　コモン,　インスタント,　緑,クリーチャー１体を対象とする。調査を行う。その後、ターン終了時まで、そのクリーチャーはあなたがコントロールする手掛かり(Clue)１つにつき+1/+1の修整を受ける。（調査を行うとは、「(２) このアーティファクトを生け贄に捧げる：カードを１枚引く。」を持つ無色の手掛かりアーティファクト・トークンを１つ戦場に出すことである。）
　CrawlingSensation,蟻走感（ぎそうかん）,　3,2,　アンコモン,　エンチャント,　２緑,あなたのアップキープの開始時に、あなたは「あなたのライブラリーの一番上から２枚のカードをあなたの墓地に置く。」ことを選んでもよい。各ターンに最初に１枚以上の土地カードがいずれかの領域からあなたの墓地に置かれるたび、緑の1/1の昆虫(Insect)クリーチャー・トークンを１体戦場に出す。
　CryptolithRite,謎の石の儀式（なぞのいしのぎしき）,　3,2,　レア,　エンチャント,　１緑,あなたがコントロールするクリーチャーは「(Ｔ)：あなたのマナ・プールに、好きな色１色のマナ１点を加える。」を持つ。
　CultoftheWaxingMoon,上弦の月の教団（じょうげんのつきのきょうだん）,　5,4,　アンコモン,　クリーチャー,　４緑,あなたがコントロールするパーマネント１つが人間(Human)でないクリーチャーに変身するたび、緑の2/2の狼(Wolf)クリーチャー・トークンを１体戦場に出す。
　DeathcapCultivator,死天狗茸の栽培者（してんぐだけのさいばいしゃ）,　2,1,　レア,　クリーチャー,　１緑,(Ｔ)：あなたのマナ・プールに(黒)か(緑)を加える。昂揚―あなたの墓地にあるカードにカード・タイプが合計４種類以上含まれるかぎり、死天狗茸の栽培者は接死を持つ。
　KrallenhordeHowler,爪の群れの咆哮者（つめのむれのほうこうしゃ）,　3,3,　アンコモン,　〔緑〕クリーチャー,　１緑,(２)(緑)：あなたのライブラリーの一番上から３枚のカードを見る。あなたはその中からクリーチャー・カードを１枚公開してあなたの手札に加えてもよい。残りをあなたのライブラリーの一番下に望む順番で置く。各アップキープの開始時に、直前のターンに呪文が唱えられていなかった場合、薄暮見の徴募兵を変身させる。あなたがクリーチャー呪文を唱えるためのコストは(１)少なくなる。各アップキープの開始時に、直前のターンにプレイヤー１人が２つ以上の呪文を唱えていた場合、爪の群れの咆哮者を変身させる。
　EquestrianSkill,乗馬術（じょうばじゅつ）,　3,3,　コモン,　エンチャント,　３緑,エンチャント（クリーチャー）エンチャントされているクリーチャーは+3/+3の修整を受ける。エンチャントされているクリーチャーが人間(Human)であるかぎり、それはトランプルを持つ。
　ForkintheRoad,分かれ道（わかれみち）,　3,3,　コモン,　ソーサリー,　１緑,あなたのライブラリーから基本土地カードを最大２枚まで探し、それらを公開する。そのうち１枚をあなたの手札に加え、もう１枚をあなたの墓地に置く。その後、あなたのライブラリーを切り直す。
　Gloomwidow,鬱後家蜘蛛（うつごけぐも）,　3,3,　アンコモン,　クリーチャー,　２緑,到達鬱後家蜘蛛は、飛行を持つクリーチャーのみをブロックできる。
　GrafMole,墓モグラ（はかもぐら）,　2,4,　アンコモン,　クリーチャー,　２緑,あなたが手掛かり(Clue)を１つ生け贄に捧げるたび、あなたは３点のライフを得る。
　Groundskeeper,土地守（とちもり）,　1,1,　アンコモン,　クリーチャー,　緑,(１)(緑)：あなたの墓地にある基本土地カード１枚を対象とし、それをあなたの手札に戻す。
　LoneWolfoftheNatterknolls,ナッターノールズの一匹狼（なったーのーるずのいっぴきおおかみ）,　3,5,　アンコモン,　〔緑〕クリーチャー,　２緑,対戦相手があなたのターンに呪文を１つ唱えるたび、カードを１枚引く。各アップキープの開始時に、直前のターンに呪文が唱えられていなかった場合、ナッターノールズの隠遁者を変身させる。対戦相手があなたのターンに呪文を１つ唱えるたび、カードを２枚引く。各アップキープの開始時に、直前のターンにプレイヤー１人が２つ以上の呪文を唱えていた場合、ナッターノールズの一匹狼を変身させる。
　TimberShredder,森林を切り裂くもの（しんりんをきりさくもの）,　4,2,　コモン,　〔緑〕クリーチャー,　１緑,各アップキープの開始時に、直前のターンに呪文が唱えられていなかった場合、内陸の木こりを変身させる。トランプル各アップキープの開始時に、直前のターンにプレイヤー１人が２つ以上の呪文を唱えていた場合、森林を切り裂くものを変身させる。
　HowlpackResurgence,吠え群れの復活（ほえむれのふっかつ）,　4,2,　アンコモン,　エンチャント,　２緑,瞬速（あなたはこの呪文を、あなたがインスタントを唱えられるときならいつでも唱えてよい。）あなたがコントロールする狼(Wolf)か狼男(Werewolf)である各クリーチャーは+1/+1の修整を受けるとともにトランプルを持つ。
　InexorableBlob,容赦無い泥塊（ようしゃないでいかい）,　3,3,　レア,　クリーチャー,　２緑,昂揚―容赦無い泥塊が攻撃するたび、あなたの墓地にあるカードにカード・タイプが合計４種類以上含まれる場合、緑の3/3のウーズ(Ooze)・クリーチャー・トークンを１体タップ状態で攻撃している状態で戦場に出す。
　IntrepidProvisioner,剛胆な補給兵（ごうたんなほきゅうへい）,　3,3,　コモン,　クリーチャー,　３緑,トランプル剛胆な補給兵が戦場に出たとき、あなたがコントロールする他の人間(Human)１体を対象とする。ターン終了時まで、それは+2/+2の修整を受ける。
　KessigDireSwine,ケッシグの不吉な豚（けっしぐのふきつなぶた）,　6,6,　コモン,　クリーチャー,　４緑緑,昂揚―あなたの墓地にあるカードにカード・タイプが合計４種類以上含まれるかぎり、ケッシグの不吉な豚はトランプルを持つ。
　LambholtButcher,ラムホルトの解体者（らむほるとのかいたいしゃ）,　4,4,　アンコモン,　〔緑〕クリーチャー,　１緑,あなたがパワーが４以上のクリーチャーをコントロールしていないかぎり、ラムホルトの平和主義者では攻撃できない。各アップキープの開始時に、直前のターンに呪文が唱えられていなかった場合、ラムホルトの平和主義者を変身させる。各アップキープの開始時に、直前のターンにプレイヤー１人が２つ以上の呪文を唱えていた場合、ラムホルトの解体者を変身させる。
　LoamDryad,壌土のドライアド（じょうどのどらいあど）,　1,2,　コモン,　クリーチャー,　緑,(Ｔ) あなたがコントロールするアンタップ状態のクリーチャー１体をタップする：あなたのマナ・プールに好きな色１色のマナ１点を加える。
　MightBeyondReason,道理を超えた力（どうりをこえたちから）,　1,2,　コモン,　インスタント,　３緑,クリーチャー１体を対象とし、それの上に+1/+1カウンターを２個置く。昂揚―あなたの墓地にあるカードにカード・タイプが合計４種類以上含まれるなら、代わりに、そのクリーチャーの上に+1/+1カウンターを３個置く。
　MoldgrafScavenger,黴墓のゴミあさり（ばいぼのごみあさり）,　0,4,　コモン,　クリーチャー,　１緑,昂揚―あなたの墓地にあるカードにカード・タイプが合計４種類以上含まれるかぎり、黴墓のゴミあさりは+3/+0の修整を受ける。
　MoonlightHunt,月夜の狩り（つきよのかり）,　0,4,　アンコモン,　インスタント,　１緑,あなたがコントロールしていないクリーチャー１体を対象とする。あなたがコントロールする、狼(Wolf)か狼男(Werewolf)である各クリーチャーは、それぞれ自身のパワーに等しい点数のダメージをそのクリーチャーに与える。
　ObsessiveSkinner,偏執的な皮剥ぎ人（へんしつてきなかわはぎにん）,　1,1,　アンコモン,　クリーチャー,　１緑,偏執的な皮剥ぎ人が戦場に出たとき、クリーチャー１体を対象とし、それの上に+1/+1カウンターを１個置く。昂揚―各対戦相手のアップキープの開始時に、あなたの墓地にあるカードにカード・タイプが合計４種類以上含まれる場合、クリーチャー１体を対象とし、それの上に+1/+1カウンターを１個置く。
　PackGuardian,群れの守護獣（むれのしゅごじゅう）,　4,3,　アンコモン,　クリーチャー,　２緑緑,瞬速（あなたはこの呪文を、あなたがインスタントを唱えられるときならいつでも唱えてよい。）群れの守護獣が戦場に出たとき、あなたは土地カード１枚を捨ててもよい。そうしたなら、緑の2/2の狼(Wolf)クリーチャー・トークンを１体戦場に出す。
　QuilledWolf,針毛の狼（はりげのおおかみ）,　2,2,　コモン,　クリーチャー,　１緑,(５)(緑)：ターン終了時まで、針毛の狼は+4/+4の修整を受ける。
　RabidBite,狂気の一咬み（きょうきのひとかみ）,　2,2,　コモン,　ソーサリー,　１緑,あなたがコントロールするクリーチャー１体と、あなたがコントロールしていないクリーチャー１体を対象とする。その前者はその後者に、自身のパワーに等しい点数のダメージを与える。
　RootOut,根から絶つ（ねからたつ）,　2,2,　コモン,　ソーサリー,　２緑,アーティファクト１つかエンチャント１つを対象とし、それを破壊する。調査を行う。（「(２) このアーティファクトを生け贄に捧げる：カードを１枚引く。」を持つ無色の手掛かり(Clue)アーティファクト・トークンを１つ戦場に出す。）
　WerewolfofAncientHunger,古き飢えの人狼（ふるきうえのじんろう）,　*,*,　レア,　〔緑〕クリーチャー,　４緑,古き知恵の賢者のパワーとタフネスはそれぞれ、あなたの手札にあるカードの総数に等しい。古き知恵の賢者が戦場に出たとき、カードを１枚引く。各アップキープの開始時に、直前のターンに呪文が唱えられていなかった場合、古き知恵の賢者を変身させる。警戒、トランプル古き飢えの人狼のパワーとタフネスはそれぞれ、すべてのプレイヤーの手札にあるカードの総数の合計に等しい。各アップキープの開始時に、直前のターンにプレイヤー１人が２つ以上の呪文を唱えていた場合、古き飢えの人狼を変身させる。
　SeasonsPast,過ぎ去った季節（すぎさったきせつ）,　*,*,　神話レア,　ソーサリー,　４緑緑,あなたの墓地から点数で見たマナ・コストが互いに異なるカードを望む枚数あなたの手札に戻す。過ぎ去った季節をオーナーのライブラリーの一番下に置く。
　SecondHarvest,再度の収穫（さいどのしゅうかく）,　*,*,　レア,　インスタント,　２緑緑,あなたがコントロールするトークン１つにつき、そのパーマネントのコピーであるトークンを１つ戦場に出す。
　SilverfurPartisan,銀毛の援護者（ぎんげのえんごしゃ）,　2,2,　レア,　クリーチャー,　２緑,トランプルあなたがコントロールする、狼(Wolf)１体か狼男(Werewolf)１体が、インスタント呪文かソーサリー呪文の対象になるたび、緑の2/2の狼クリーチャー・トークンを１体戦場に出す。
　OneofthePack,群れの一員（むれのいちいん）,　5,6,　コモン,　〔緑〕クリーチャー,　３緑,各アップキープの開始時に、直前のターンに呪文が唱えられていなかった場合、孤独な狩人を変身させる。各アップキープの開始時に、直前のターンにプレイヤー１人が２つ以上の呪文を唱えていた場合、群れの一員を変身させる。
　SoulSwallower,魂を飲み込むもの（たましいをのみこむもの）,　3,3,　レア,　クリーチャー,　２緑緑,トランプル昂揚―あなたのアップキープの開始時に、あなたの墓地にあるカードにカード・タイプが合計４種類以上含まれる場合、魂を飲み込むものの上に+1/+1カウンターを３個置く。
　StoicBuilder,冷静な建築家（れいせいなけんちくか）,　2,3,　コモン,　クリーチャー,　２緑,冷静な建築家が戦場に出たとき、あなたの墓地の土地カード１枚を対象とする。あなたはそれをあなたの手札に戻してもよい。
　ThornhideWolves,茨隠れの狼（いばらかくれのおおかみ）,　4,5,　コモン,　クリーチャー,　４緑,
　TirelessTracker,不屈の追跡者（ふくつのついせきしゃ）,　3,2,　レア,　クリーチャー,　２緑,土地が１つあなたのコントロール下で戦場に出るたび、調査を行う。（「(２) このアーティファクトを生け贄に捧げる：カードを１枚引く。」を持つ無色の手掛かり(Clue)アーティファクト・トークンを１つ戦場に出す。）あなたが手掛かりを１つ生け贄に捧げるたび、不屈の追跡者の上に+1/+1カウンターを１個置く。
　TraversetheUlvenwald,ウルヴェンワルド横断（うるう゛ぇんわるどおうだん）,　3,2,　レア,　ソーサリー,　緑,あなたのライブラリーから基本土地カード１枚を探し、それを公開してあなたの手札に加え、その後あなたのライブラリーを切り直す。昂揚―あなたの墓地にあるカードにカード・タイプが合計４種類以上含まれるなら、代わりにあなたのライブラリーからクリーチャー・カード１枚か土地カード１枚を探し、それを公開してあなたの手札に加え、その後あなたのライブラリーを切り直す。
　UlvenwaldHydra,ウルヴェンワルドのハイドラ（うるう゛ぇんわるどのはいどら）,　*,*,　神話レア,　クリーチャー,　４緑緑,到達ウルヴェンワルドのハイドラのパワーとタフネスは、それぞれあなたがコントロールする土地の総数に等しい。ウルヴェンワルドのハイドラが戦場に出たとき、あなたはあなたのライブラリーから土地カード１枚を探してもよい。そうしたなら、それをタップ状態で戦場に出し、その後あなたのライブラリーを切り直す。
　UlvenwaldMysteries,ウルヴェンワルドの謎（うるう゛ぇんわるどのなぞ）,　*,*,　アンコモン,　エンチャント,　２緑,あなたがコントロールするトークンでないクリーチャーが１体死亡するたび、調査を行う。（「(２) このアーティファクトを生け贄に捧げる：カードを１枚引く。」を持つ無色の手掛かり(Clue)アーティファクト・トークンを１つ戦場に出す。）あなたが手掛かりを１つ生け贄に捧げるたび、白の1/1の人間(Human)・兵士(Soldier)クリーチャー・トークンを１体戦場に出す。
　VesselofNascency,発生の器（はっせいのうつわ）,　*,*,　コモン,　エンチャント,　緑,(１)(緑) 発生の器を生け贄に捧げる：あなたのライブラリーの一番上から４枚のカードを公開する。あなたは、その中からアーティファクト・カード１枚かクリーチャー・カード１枚かエンチャント・カード１枚か土地カード１枚かプレインズウォーカー・カード１枚をあなたの手札に加えてもよい。残りをあなたの墓地に置く。
　VeteranCathar,古参の聖戦士（こざんのせいせんし）,　2,2,　アンコモン,　クリーチャー,　１緑,(３)(白)：人間(Human)１体を対象とする。ターン終了時まで、それは二段攻撃を得る。
　WatcherintheWeb,巣網から見張るもの（すあみからみはるもの）,　2,5,　コモン,　クリーチャー,　４緑,到達（このクリーチャーは飛行を持つクリーチャーをブロックできる。）各戦闘で、巣網から見張るものは追加で７体のクリーチャーをブロックできる。
　WeirdingWood,奇妙な森（きみょうなもり）,　2,5,　アンコモン,　エンチャント,　２緑,エンチャント（土地）奇妙な森が戦場に出たとき、調査を行う。（「(２) このアーティファクトを生け贄に捧げる：カードを１枚引く。」を持つ無色の手掛かり(Clue)アーティファクト・トークンを１つ戦場に出す。）エンチャントされている土地は「(Ｔ)：あなたのマナ・プールに、好きな色１色のマナ２点を加える。」を持つ。
　AlteredEgo,もう一人の自分（もうひとりのじぶん）,　0,0,　レア,　クリーチャー,　Ｘ２緑青,もう一人の自分は打ち消されない。あなたはもう一人の自分を、追加の+1/+1カウンターがＸ個置かれた状態で戦場に出ることを除いて、戦場に出ているクリーチャー１体のコピーとして戦場に出してもよい。
　AnguishedUnmaking,苦渋の破棄（くじゅうのはき）,　0,0,　レア,　インスタント,　１白黒,土地でないパーマネント１つを対象とし、それを追放する。あなたは３点のライフを失う。
　Arlinn EmbracedbytheMoon,月の抱擁、アーリン（つきのほうようあーりん）,　0,0,　神話レア,　〔赤/緑〕プレインズウォーカー,　２赤緑,[+1]：クリーチャーを最大１体まで対象とする。ターン終了時まで、それは+2/+2の修整を受けるとともに警戒と速攻を得る。[0]：緑の2/2の狼(Wolf)クリーチャー・トークンを１体戦場に出す。アーリン・コードを変身させる。　忠誠度：3[+1]：ターン終了時まで、あなたがコントロールするクリーチャーは+1/+1の修整を受けるとともにトランプルを得る。[-1]：クリーチャー１体かプレイヤー１人を対象とする。月の抱擁、アーリンはそれに３点のダメージを与える。月の抱擁、アーリンを変身させる。[-6]：あなたは「あなたがコントロールするクリーチャーは、速攻と『(Ｔ)：クリーチャー１体かプレイヤー１人を対象とする。このクリーチャーはそれに自身のパワーに等しい点数のダメージを与える。』を持つ。」を持つ紋章を得る。
　FeveredVisions,熱病の幻視（ねつびょうのげんし）,　0,0,　レア,　エンチャント,　１青赤,各プレイヤーの終了ステップの開始時に、そのプレイヤーはカードを１枚引く。そのプレイヤーがあなたの対戦相手であり、そのプレイヤーの手札にカードが４枚以上あるなら、熱病の幻視はそのプレイヤーに２点のダメージを与える。
　TheGitrogMonster,ギトラグの怪物（ぎとらぐのかいぶつ）,　6,6,　神話レア,　伝説のクリーチャー,　３黒緑,接死あなたのアップキープの開始時に、あなたが土地１つを生け贄に捧げないかぎり、ギトラグの怪物を生け贄に捧げる。あなたの各ターンに、あなたは追加の土地を１つプレイしてもよい。１枚以上の土地カードがいずれかの領域からあなたの墓地に置かれるたび、カードを１枚引く。
　InvocationofSaintTraft,聖トラフトの祈祷（せいとらふとのきとう）,　6,6,　レア,　エンチャント,　１白青,エンチャント（クリーチャー）エンチャントされているクリーチャーは「このクリーチャーが攻撃するたび、飛行を持つ白の4/4の天使(Angel)クリーチャー・トークンを１体タップ状態で攻撃している状態で戦場に出す。戦闘終了時にそのトークンを追放する。」を持つ。
　Nahiri theHarbinger,先駆ける者、ナヒリ（さきがけるものなひり）,　6,6,　神話レア,　プレインズウォーカー,　２赤白,[+2]：あなたはカードを１枚捨ててもよい。そうしたなら、カードを１枚引く。[-2]：エンチャント１つかタップ状態のアーティファクト１つかタップ状態のクリーチャー１体を対象とし、それを追放する。[-8]：あなたのライブラリーからアーティファクト・カード１枚かクリーチャー・カード１枚を探し、それを戦場に出し、その後あなたのライブラリーを切り直す。それは速攻を得る。次の終了ステップの開始時に、それをあなたの手札に戻す。　忠誠度：4
　Olivia MobilizedforWar,戦争に向かう者、オリヴィア（せんそうにむかうものおりう゛ぃあ）,　3,3,　神話レア,　伝説のクリーチャー,　１黒赤,飛行他のクリーチャーが１体あなたのコントロール下で戦場に出るたび、あなたはカードを１枚捨ててもよい。そうしたなら、そのクリーチャーの上に+1/+1カウンターを１個置く。ターン終了時まで、それは速攻を得る。それは他のタイプに加えて吸血鬼(Vampire)になる。
　PrizedAmalgam,秘蔵の縫合体（ひぞうのほうごうたい）,　3,3,　レア,　クリーチャー,　１青黒,クリーチャーが１体戦場に出るたび、それがあなたの墓地から戦場に出たかあなたがそれをあなたの墓地から唱えていた場合、次の終了ステップの開始時に、あなたの墓地から秘蔵の縫合体をタップ状態で戦場に戻す。
　Sigarda Heron'sGrace,優雅な鷺、シガルダ（ゆうがなさぎしがるだ）,　4,5,　神話レア,　伝説のクリーチャー,　３緑白,飛行あなたとあなたがコントロールする人間(Human)は呪禁を持つ。(２) あなたの墓地からカードを１枚追放する：白の1/1の人間・兵士(Soldier)クリーチャー・トークンを１体戦場に出す。
　Sorin GrimNemesis,死の宿敵、ソリン（しのしゅくてきそりん）,　4,5,　神話レア,　プレインズウォーカー,　４白黒,[+1]：あなたのライブラリーの一番上のカードを公開し、そのカードをあなたの手札に加える。各対戦相手はそれぞれ、それの点数で見たマナ・コストに等しい点数のライフを失う。[-X]：クリーチャー１体かプレインズウォーカー１体を対象とする。死の宿敵、ソリンはそれにＸ点のダメージを与え、あなたはＸ点のライフを得る。[-9]：すべてのプレイヤーの中で最も多いライフの総量に等しい数の、絆魂を持つ黒の1/1の吸血鬼(Vampire)・騎士(Knight)クリーチャー・トークンを戦場に出す。　忠誠度：6
　BraininaJar,瓶詰め脳（びんづめのう）,　4,5,　レア,　アーティファクト,　２,(１) (Ｔ)：瓶詰め脳の上に蓄積(charge)カウンターを１個置く。その後あなたは、点数で見たマナ・コストが瓶詰め脳の上に置かれている蓄積カウンターの総数に等しいインスタント・カード１枚かソーサリー・カード１枚を、あなたの手札からそのマナ・コストを支払うことなく唱えてもよい。(３) (Ｔ) 瓶詰め脳から蓄積カウンターをＸ個取り除く：占術Ｘを行う。
　CorruptedGrafstone,崩れた墓石（くずれたぼせき）,　4,5,　レア,　アーティファクト,　２,崩れた墓石はタップ状態で戦場に出る。(Ｔ)：あなたの墓地にあるカードの色を１色選ぶ。あなたのマナ・プールに、その色のマナ１点を加える。
　EpitaphGolem,墓碑のゴーレム（ぼひのごーれむ）,　3,5,　アンコモン,　アーティファクト・クリーチャー,　５,(２)：あなたの墓地のカード１枚を対象とし、それをあなたのライブラリーの一番下に置く。
　ExplosiveApparatus,爆発性の機器（ばくはつせいのきき）,　3,5,　コモン,　アーティファクト,　１,(３) (Ｔ) 爆発性の機器を生け贄に捧げる：クリーチャー１体かプレイヤー１人を対象とする。爆発性の機器はそれに２点のダメージを与える。
　ScroungedScythe,拾った大鎌（ひろったおおかま）,　2,2,　アンコモン,　アーティファクト,　３,収穫の手が死亡したとき、これを変身させた状態であなたのコントロール下で戦場に戻す。装備しているクリーチャーは+1/+1の修整を受ける。装備しているクリーチャーが人間(Human)であるかぎり、それは威迫を持つ。（それは２体以上のクリーチャーによってしかブロックされない。）装備(２)
　HauntedCloak,憑依の外套（ひょういのがいとう）,　2,2,　アンコモン,　アーティファクト,　３,装備しているクリーチャーは警戒とトランプルと速攻を持つ。装備(１)
　MagnifyingGlass,拡大鏡（かくだいきょう）,　2,2,　アンコモン,　アーティファクト,　３,(Ｔ)：あなたのマナ・プールに(◇)を加える。(４) (Ｔ)：調査を行う。（「(２) このアーティファクトを生け贄に捧げる：カードを１枚引く。」を持つ無色の手掛かり(Clue)アーティファクト・トークンを１つ戦場に出す。）
　Murderer'sAxe,殺人者の斧（さつじんしゃのおの）,　2,2,　アンコモン,　アーティファクト,　４,装備しているクリーチャーは+2/+2の修整を受ける。装備―カードを１枚捨てる。
　AshmouthBlade,灰口の刃（はいぐちのやいば）,　2,2,　アンコモン,　アーティファクト,　１,装備しているクリーチャーは+1/+1の修整を受ける。装備しているクリーチャーが変身したとき、忘れられていた家宝を変身させる。装備(１)装備しているクリーチャーは+3/+3の修整を受けるとともに先制攻撃を持つ。装備(３)
　RunawayCarriage,遁走する馬車（とんそうするばしゃ）,　5,6,　アンコモン,　アーティファクト・クリーチャー,　４,トランプル遁走する馬車が攻撃するかブロックするかしたとき、戦闘終了時に、これを生け贄に捧げる。
　ShardofBrokenGlass,ガラスの破片（がらすのはへん）,　5,6,　コモン,　アーティファクト,　１,装備しているクリーチャーは+1/+0の修整を受ける。装備しているクリーチャーが攻撃するたび、あなたはあなたのライブラリーの一番上から２枚のカードをあなたの墓地に置いてもよい。装備(１)（(１)：あなたがコントロールするクリーチャー１体を対象とし、それにつける。装備はソーサリーとしてのみ行う。）
　SkeletonKey,合鍵（あいかぎ）,　5,6,　アンコモン,　アーティファクト,　１,装備しているクリーチャーは潜伏を持つ。（それは、自身より大きなパワーを持つクリーチャーによってはブロックされない。）装備しているクリーチャーがプレイヤー１人に戦闘ダメージを与えるたび、あなたはカードを１枚引いてもよい。そうしたなら、カードを１枚捨てる。装備(２)
　Slayer'sPlate,処刑者の板金鎧（しょけいしゃのばんきんよろい）,　5,6,　レア,　アーティファクト,　３,装備しているクリーチャーは+4/+2の修整を受ける。装備しているクリーチャーが死亡するたび、それが人間(Human)だった場合、飛行を持つ白の1/1のスピリット(Spirit)・クリーチャー・トークンを１体戦場に出す。装備(３)
　Tamiyo'sJournal,タミヨウの日誌（たみようのにっし）,　5,6,　レア,　伝説のアーティファクト,　５,あなたのアップキープの開始時に、調査を行う。（「(２) このアーティファクトを生け贄に捧げる：カードを１枚引く。」を持つ無色の手掛かり(Clue)アーティファクト・トークンを１つ戦場に出す。）(Ｔ) 手掛かりを３つ生け贄に捧げる：あなたのライブラリーからカードを１枚探し、それをあなたの手札に加える。その後、あなたのライブラリーを切り直す。
　StonewingAntagonizer,石翼の反目者（せきよくのはんもくしゃ）,　4,2,　アンコモン,　アーティファクト・クリーチャー,　１,防衛(６)：スレイベンのガーゴイルを変身させる。飛行
　True-FaithCenser,信条の香炉（しんじょうのこうろ）,　4,2,　コモン,　アーティファクト,　２,装備しているクリーチャーは+1/+1の修整を受けるとともに警戒を持つ。装備しているクリーチャーが人間(Human)であるかぎり、それは追加で+1/+0の修整を受ける。装備(２)（(２)：あなたがコントロールするクリーチャー１体を対象とし、それにつける。装備はソーサリーとしてのみ行う。）
　WickerWitch,枝細工の魔女（えだざいくのまじょ）,　3,1,　コモン,　アーティファクト・クリーチャー,　３,
　Wild-FieldScarecrow,荒原のカカシ（こうげんのかかし）,　1,4,　アンコモン,　アーティファクト・クリーチャー,　３,防衛(２) 荒原のカカシを生け贄に捧げる：あなたのライブラリーから基本土地カードを最大２枚まで探し、それらを公開してあなたの手札に加える。その後、あなたのライブラリーを切り直す。
　ChokedEstuary,詰まった河口（つまったかこう）,　1,4,　レア,　土地,　３,詰まった河口が戦場に出るに際し、あなたはあなたの手札から島(Island)カード１枚か沼(Swamp)カード１枚を公開してもよい。そうしないなら、詰まった河口はタップ状態で戦場に出る。(Ｔ)：あなたのマナ・プールに(青)か(黒)を加える。
　DrownyardTemple,溺墓の寺院（できぼのじいん）,　1,4,　レア,　土地,　３,(Ｔ)：あなたのマナ・プールに(◇)を加える。(３)：あなたの墓地から溺墓の寺院をタップ状態で戦場に戻す。
　ForebodingRuins,凶兆の廃墟（きょうちょうのはいきょ）,　1,4,　レア,　土地,　３,凶兆の廃墟が戦場に出るに際し、あなたはあなたの手札から沼(Swamp)カード１枚か山(Mountain)カード１枚を公開してもよい。そうしないなら、凶兆の廃墟はタップ状態で戦場に出る。(Ｔ)：あなたのマナ・プールに(黒)か(赤)を加える。
　ForsakenSanctuary,放棄された聖域（ほうきされたせいいき）,　1,4,　アンコモン,　土地,　３,放棄された聖域はタップ状態で戦場に出る。(Ｔ)：あなたのマナ・プールに(白)か(黒)を加える。
　FortifiedVillage,要塞化した村（ようさいかしたむら）,　1,4,　レア,　土地,　３,要塞化した村が戦場に出るに際し、あなたはあなたの手札から森(Forest)カード１枚か平地(Plains)カード１枚を公開してもよい。そうしないなら、要塞化した村はタップ状態で戦場に出る。(Ｔ)：あなたのマナ・プールに(緑)か(白)を加える。
　FoulOrchard,穢れた果樹園（けがれたかじゅえん）,　1,4,　アンコモン,　土地,　３,穢れた果樹園はタップ状態で戦場に出る。(Ｔ)：あなたのマナ・プールに(黒)か(緑)を加える。
　GameTrail,獲物道（えものみち）,　1,4,　レア,　土地,　３,獲物道が戦場に出るに際し、あなたはあなたの手札から山(Mountain)カード１枚か森(Forest)カード１枚を公開してもよい。そうしないなら、獲物道はタップ状態で戦場に出る。(Ｔ)：あなたのマナ・プールに(赤)か(緑)を加える。
　HighlandLake,高地の湖（こうちのみずうみ）,　1,4,　アンコモン,　土地,　３,高地の湖はタップ状態で戦場に出る。(Ｔ)：あなたのマナ・プールに(青)か(赤)を加える。
　PortTown,港町（みなとまち）,　1,4,　レア,　土地,　３,港町が戦場に出るに際し、あなたはあなたの手札から平地(Plains)カード１枚か島(Island)カード１枚を公開してもよい。そうしないなら、港町はタップ状態で戦場に出る。(Ｔ)：あなたのマナ・プールに(白)か(青)を加える。
　StoneQuarry,採石場（さいせきじょう）,　1,4,　アンコモン,　土地,　３,採石場はタップ状態で戦場に出る。(Ｔ)：あなたのマナ・プールに(赤)か(白)を加える。
　WarpedLandscape,ねじれ地帯（ねじれちたい）,　1,4,　コモン,　土地,　３,(Ｔ)：あなたのマナ・プールに(◇)を加える。(２) (Ｔ) ねじれ地帯を生け贄に捧げる：あなたのライブラリーから基本土地カード１枚を探し、それをタップ状態で戦場に出す。その後、あなたのライブラリーを切り直す。
　Ormendahl ProfanePrince,不敬の皇子、オーメンダール（ふけいのおうじおーめんだーる）,　9,7,　レア,　〔黒〕伝説のクリーチャー,　３,(Ｔ)：あなたのマナ・プールに(◇)を加える。(５) (Ｔ) ライフを１点支払う：白であり黒である1/1の人間(Human)・クレリック(Cleric)・クリーチャー・トークンを１体戦場に出す。(５) (Ｔ) クリーチャー５体を生け贄に捧げる：ウェストヴェイルの修道院を変身させ、その後これをアンタップする。飛行、絆魂、破壊不能、速攻
　WoodlandStream,森林地の小川（しんりんちのおがわ）,　9,7,　アンコモン,　土地,　３,森林地の小川はタップ状態で戦場に出る。(Ｔ)：あなたのマナ・プールに(緑)か(青)を加える。
　Plains,平地（へいち）,　9,7,　基本土地,　基本土地,　３,(白)
　Plains,平地（へいち）,　9,7,　基本土地,　基本土地,　３,(白)
　Plains,平地（へいち）,　9,7,　基本土地,　基本土地,　３,(白)
　Island,島（しま）,　9,7,　基本土地,　基本土地,　３,(青)
　Island,島（しま）,　9,7,　基本土地,　基本土地,　３,(青)
　Island,島（しま）,　9,7,　基本土地,　基本土地,　３,(青)
　Swamp,沼（ぬま）,　9,7,　基本土地,　基本土地,　３,(黒)
　Swamp,沼（ぬま）,　9,7,　基本土地,　基本土地,　３,(黒)
　Swamp,沼（ぬま）,　9,7,　基本土地,　基本土地,　３,(黒)
　Mountain,山（やま）,　9,7,　基本土地,　基本土地,　３,(赤)
　Mountain,山（やま）,　9,7,　基本土地,　基本土地,　３,(赤)
　Mountain,山（やま）,　9,7,　基本土地,　基本土地,　３,(赤)
　Forest,森（もり）,　9,7,　基本土地,　基本土地,　３,(緑)
　Forest,森（もり）,　9,7,　基本土地,　基本土地,　３,(緑)
　Forest,森（もり）,　9,7,　基本土地,　基本土地,　３,(緑)
英語名,日本語名,パワー,タフネス,レアリティ,タイプ,マナコスト,能力
　AlwaysWatching,永遠の見守り（とわのみまもり）,,,　レア,　エンチャント,　１白白,あなたがコントロールするトークンでないクリーチャーは、+1/+1の修整を受けるとともに警戒を持つ。
　AngelofDeliverance,救出の天使（きゅうしゅつのてんし）,　6,6,　レア,　クリーチャー,　６白白,飛行昂揚―救出の天使がダメージを与えるたび、あなたの墓地にあるカードにカード・タイプが合計４種類以上含まれる場合、対戦相手がコントロールするクリーチャー１体を対象とし、それを追放する。
　AngelicPurge,天使の粛清（てんしのしゅくせい）,　6,6,　コモン,　ソーサリー,　２白,天使の粛清を唱えるための追加コストとして、パーマネントを１つ生け贄に捧げる。アーティファクト１つかクリーチャー１体かエンチャント１つを対象とし、それを追放する。
　ApothecaryGeist,薬剤師の霊（やくざいしのれい）,　2,3,　コモン,　クリーチャー,　３白,飛行薬剤師の霊が戦場に出たとき、あなたが他のスピリット(Spirit)をコントロールしている場合、あなたは３点のライフを得る。
　Avacyn thePurifier,浄化の天使、アヴァシン（じょうかのてんしあう゛ぁしん）,　6,5,　神話レア,　〔赤〕伝説のクリーチャー,　３白白,瞬速飛行、警戒大天使アヴァシンが戦場に出たとき、ターン終了時まで、あなたがコントロールするクリーチャーは破壊不能を得る。あなたがコントロールする天使(Angel)でないクリーチャーが１体死亡したとき、次のアップキープの開始時に、大天使アヴァシンを変身させる。飛行このクリーチャーが浄化の天使、アヴァシンに変身したとき、これは他の各クリーチャーと各対戦相手にそれぞれ３点のダメージを与える。
　LunarchInquisitors,月皇の審問官（げっこうのしんもんかん）,　4,4,　アンコモン,　〔白〕クリーチャー,　３白,あなたの終了ステップの開始時に、アヴァシン教の宣教師が装備している場合、これを変身させる。このクリーチャーが月皇の審問官に変身したとき、他のクリーチャー１体を対象とする。あなたは月皇の審問官が戦場を離れるまでそれを追放してもよい。
　BoundbyMoonsilver,月銀の拘束（つきぎんのこうそく）,　4,4,　アンコモン,　エンチャント,　２白,エンチャント（クリーチャー）エンチャントされているクリーチャーでは攻撃したりブロックしたりできず、それは変身できない。他のパーマネント１つを生け贄に捧げる：クリーチャー１体を対象とし、月銀の拘束をそれにつける。この能力は、あなたがソーサリーを唱えられるときにのみ、毎ターン１回のみ起動できる。
　BygoneBishop,往時の主教（おうじのしゅきょう）,　2,3,　レア,　クリーチャー,　２白,飛行あなたが点数で見たマナ・コストが３以下のクリーチャー呪文を１つ唱えるたび、調査を行う。（「(２) このアーティファクトを生け贄に捧げる：カードを１枚引く。」を持つ無色の手掛かり(Clue)アーティファクト・トークンを１つ戦場に出す。）
　Cathar'sCompanion,聖戦士の相棒（せいせんしのあいぼう）,　3,1,　コモン,　クリーチャー,　２白,あなたがクリーチャーでない呪文を１つ唱えるたび、ターン終了時まで、聖戦士の相棒は破壊不能を得る。（ダメージや「破壊」と書かれた効果では、これは破壊されない。）
　Chaplain'sBlessing,司祭の祈り（しさいのいのり）,　3,1,　コモン,　ソーサリー,　白,あなたは５点のライフを得る。
　DauntlessCathar,不屈の聖戦士（ふくつのせいせんし）,　3,2,　コモン,　クリーチャー,　２白,(１)(白) あなたの墓地から不屈の聖戦士を追放する：飛行を持つ白の1/1のスピリット(Spirit)・クリーチャー・トークンを１体戦場に出す。この能力は、あなたがソーサリーを唱えられるときにのみ起動できる。
　DeclarationinStone,石の宣告（いしのせんこく）,　3,2,　レア,　ソーサリー,　１白,クリーチャー１体を対象とする。それと、それのコントローラーがコントロールするそれと同じ名前を持つ他のクリーチャーをすべて追放する。そのプレイヤーは、これにより追放されたトークンでないクリーチャー１体につき１回調査を行う。
　DescendupontheSinful,罪人への急襲（ざいにんへのきゅうしゅう）,　3,2,　神話レア,　ソーサリー,　４白白,すべてのクリーチャーを追放する。昂揚―あなたの墓地にあるカードにカード・タイプが合計４種類以上含まれるなら、飛行を持つ白の4/4の天使(Angel)クリーチャー・トークンを１体戦場に出す。
　DevilthornFox,悪魔の棲家の狐（あくまのすみかのきつね）,　3,1,　コモン,　クリーチャー,　１白,
　DrogskolCavalry,ドラグスコルの騎兵（どらぐすこるのきへい）,　4,4,　レア,　クリーチャー,　５白白,飛行他のスピリット(Spirit)が１体あなたのコントロール下で戦場に出るたび、あなたは２点のライフを得る。(３)(白)：飛行を持つ白の1/1のスピリット・クリーチャー・トークンを１体戦場に出す。
　EerieInterlude,奇妙な幕間（きみょうなまくあい）,　4,4,　レア,　インスタント,　２白,あなたがコントロールする望む数のクリーチャーを対象とし、それらを追放する。次の終了ステップの開始時に、それらのカードをオーナーのコントロール下で戦場に戻す。
　EmissaryoftheSleepless,眠れぬ者の使者（ねむれぬもののししゃ）,　2,4,　コモン,　クリーチャー,　４白,飛行眠れぬ者の使者が戦場に出たとき、このターンにクリーチャーが死亡していた場合、飛行を持つ白の1/1のスピリット(Spirit)・クリーチャー・トークンを１体戦場に出す。
　EtherealGuidance,天上からの導き（てんじょうからのみちびき）,　2,4,　コモン,　ソーサリー,　２白,ターン終了時まで、あなたがコントロールするクリーチャーは+2/+1の修整を受ける。
　ExposeEvil,邪悪の暴露（じゃあくのばくろ）,　2,4,　コモン,　インスタント,　１白,クリーチャーを最大２体まで対象とし、それらをタップする。調査を行う。（「(２) このアーティファクトを生け贄に捧げる：カードを１枚引く。」を持つ無色の手掛かり(Clue)アーティファクト・トークンを１つ戦場に出す。）
　Gryff'sBoon,グリフの加護（ぐりふのかご）,　2,4,　アンコモン,　エンチャント,　白,エンチャント（クリーチャー）エンチャントされているクリーチャーは、+1/+0の修整を受けるとともに飛行を持つ。(３)(白)：クリーチャー１体を対象とする。あなたの墓地からグリフの加護をそのクリーチャーにつけられている状態で戦場に戻す。この能力は、あなたがソーサリーを唱えられるときにのみ起動できる。
　WestvaleCultLeader,ウェストヴェイル教団の指導者（うぇすとう゛ぇいるきょうだんのしどうしゃ）,　*,*,　レア,　〔白〕クリーチャー,　１白,あなたのアップキープの開始時に、あなたがクリーチャーを４体以上コントロールしている場合、ハンウィアーの民兵隊長を変身させる。ウェストヴェイル教団の指導者のパワーとタフネスはそれぞれ、あなたがコントロールするクリーチャーの総数に等しい。あなたの終了ステップの開始時に、白であり黒である1/1の人間(Human)・クレリック(Cleric)・クリーチャー・トークンを１体戦場に出す。
　HopeAgainstHope,死中に活（しちゅうにかつ）,　*,*,　アンコモン,　エンチャント,　２白,エンチャント（クリーチャー）エンチャントされているクリーチャーは、あなたがコントロールするクリーチャー１体につき+1/+1の修整を受ける。エンチャントされているクリーチャーが人間(Human)であるかぎり、それは先制攻撃を持つ。
　HumbletheBrute,粗暴者の貶め（そぼうしゃのおとしめ）,　*,*,　アンコモン,　インスタント,　４白,パワーが４以上のクリーチャー１体を対象とし、それを破壊する。調査を行う。（「(２) このアーティファクトを生け贄に捧げる：カードを１枚引く。」を持つ無色の手掛かり(Clue)アーティファクト・トークンを１つ戦場に出す。）
　Inquisitor'sOx,審問官の雄牛（しんもんかんのおうし）,　2,5,　コモン,　クリーチャー,　３白,昂揚―あなたの墓地にあるカードにカード・タイプが合計４種類以上含まれるかぎり、審問官の雄牛は+1/+0の修整を受けるとともに警戒を持つ。
　InspiringCaptain,鼓舞する隊長（こぶするたいちょう）,　3,3,　コモン,　クリーチャー,　３白,鼓舞する隊長が戦場に出たとき、ターン終了時まで、あなたがコントロールするクリーチャーは+1/+1の修整を受ける。
　MilitantInquisitor,戦闘的な審問官（せんとうてきなしんもんかん）,　2,3,　コモン,　クリーチャー,　２白,戦闘的な審問官は、あなたがコントロールする装備品(Equipment)１つにつき+1/+0の修整を受ける。
　MoorlandDrifter,ムーアランドの流れ者（むーあらんどのながれもの）,　2,2,　コモン,　クリーチャー,　１白,昂揚―あなたの墓地にあるカードにカード・タイプが合計４種類以上含まれるかぎり、ムーアランドの流れ者は飛行を持つ。
　Nahiri'sMachinations,ナヒリの策謀（なひりのさくぼう）,　2,2,　アンコモン,　エンチャント,　１白,あなたのターンの戦闘の開始時に、あなたがコントロールするクリーチャー１体を対象とする。ターン終了時まで、それは破壊不能を得る。(１)(赤)：ブロック・クリーチャー１体を対象とする。ナヒリの策謀はそれに１点のダメージを与える。
　NearheathChaplain,近野の司祭（ちかののしさい）,　3,1,　アンコモン,　クリーチャー,　３白,絆魂(２)(白) あなたの墓地から近野の司祭を追放する：飛行を持つ白の1/1のスピリット(Spirit)・クリーチャー・トークンを２体戦場に出す。この能力は、あなたがソーサリーを唱えられるときにのみ起動できる。
　NotForgotten,忘られじ（わすられじ）,　3,1,　アンコモン,　ソーサリー,　１白,墓地からカード１枚を対象とし、それをオーナーのライブラリーの一番上か一番下に置く。飛行を持つ白の1/1のスピリット(Spirit)・クリーチャー・トークンを１体戦場に出す。
　Odric LunarchMarshal,月皇の司令官、オドリック（げっこうのしれいかんおどりっく）,　3,3,　レア,　伝説のクリーチャー,　３白,各戦闘の開始時に、あなたが１体以上の先制攻撃を持つクリーチャーをコントロールしているなら、ターン終了時まで、あなたがコントロールするクリーチャーは先制攻撃を得る。飛行、接死、二段攻撃、速攻、呪禁、破壊不能、絆魂、威迫、到達、潜伏、トランプル、警戒についても同様である。
　OpentheArmory,武器庫の開放（ぶきこのかいほう）,　3,3,　アンコモン,　ソーサリー,　１白,あなたのライブラリーからオーラ(Aura)・カード１枚か装備品(Equipment)カード１枚を探し、それを公開してあなたの手札に加える。その後、あなたのライブラリーを切り直す。
　ParanoidParish-Blade,偏執的な教区刃（へんしつてきなきょうくやいば）,　3,2,　アンコモン,　クリーチャー,　２白,昂揚―あなたの墓地にあるカードにカード・タイプが合計４種類以上含まれるかぎり、偏執的な教区刃は+1/+0の修整を受けるとともに先制攻撃を持つ。
　WaywardDisciple,むら気な信奉者（むらきなしんぽうしゃ）,　2,4,　アンコモン,　〔黒〕クリーチャー,　２白,敬虔な福音者か他のクリーチャーが１体あなたのコントロール下で戦場に出るたび、あなたは１点のライフを得る。(２) (Ｔ) 他のパーマネント１つを生け贄に捧げる：敬虔な福音者を変身させる。むら気な信奉者かあなたがコントロールする他のクリーチャーが１体死亡するたび、対戦相手１人を対象とする。そのプレイヤーは１点のライフを失い、あなたは１点のライフを得る。
　PuncturingLight,刺し込む光（さしこむひかり）,　2,4,　コモン,　インスタント,　１白,攻撃かブロックしている、パワーが３以下のクリーチャー１体を対象とし、それを破壊する。
　ReaperofFlightMoonsilver,空翔る月銀の魂刈り（そらかけるつきぎんのたましいがり）,　3,3,　アンコモン,　クリーチャー,　３白白,飛行昂揚―他のクリーチャー１体を生け贄に捧げる：ターン終了時まで、空翔る月銀の魂刈りは+2/+1の修整を受ける。この能力は、あなたの墓地にあるカードにカード・タイプが合計４種類以上含まれるときにのみ起動できる。
　Silverstrike,銀の一撃（ぎんのいちげき）,　3,3,　アンコモン,　インスタント,　３白,攻撃クリーチャー１体を対象とし、それを破壊する。あなたは３点のライフを得る。
　SpectralShepherd,霊体の羊飼い（れいたいのひつじかい）,　2,2,　アンコモン,　クリーチャー,　２白,飛行(１)(青)：あなたがコントロールするスピリット(Spirit)１体を対象とし、それをオーナーの手札に戻す。
　SternConstable,厳格な巡邏官（げんかくなじゅんらかん）,　1,1,　コモン,　クリーチャー,　白,(Ｔ) カードを１枚捨てる：クリーチャー１体を対象とし、それをタップする。
　StrengthofArms,腕っぷし（うでっぷし）,　1,1,　コモン,　インスタント,　白,クリーチャー１体を対象とする。ターン終了時まで、それは+2/+2の修整を受ける。あなたが装備品(Equipment)をコントロールしているなら、白の1/1の人間(Human)・兵士(Soldier)クリーチャー・トークンを１体戦場に出す。
　SurvivetheNight,今夜を生き延びる（こんやをいきのびる）,　1,1,　コモン,　インスタント,　２白,クリーチャー１体を対象とする。ターン終了時まで、それは+1/+0の修整を受けるとともに破壊不能を得る。（ダメージや「破壊」と書かれた効果では、これは破壊されない。）調査を行う。（「(２) このアーティファクトを生け贄に捧げる：カードを１枚引く。」を持つ無色の手掛かり(Clue)アーティファクト・トークンを１つ戦場に出す。）
　Tenacity,執念（しゅうねん）,　1,1,　アンコモン,　インスタント,　３白,ターン終了時まで、あなたがコントロールするクリーチャーは+1/+1の修整を受けるとともに絆魂を得る。それらのクリーチャーをアンタップする。
　Thalia'sLieutenant,サリアの副官（さりあのふくかん）,　1,1,　レア,　クリーチャー,　１白,サリアの副官が戦場に出たとき、あなたがコントロールする他の各人間(Human)の上に+1/+1カウンターをそれぞれ１個置く。他の人間が１体あなたのコントロール下で戦場に出るたび、サリアの副官の上に+1/+1カウンターをそれぞれ１個置く。
　ThrabenInspector,スレイベンの検査官（すれいべんのけんさかん）,　1,2,　コモン,　クリーチャー,　白,スレイベンの検査官が戦場に出たとき、調査を行う。（「(２) このアーティファクトを生け贄に捧げる：カードを１枚引く。」を持つ無色の手掛かり(Clue)アーティファクト・トークンを１つ戦場に出す。）
　Topplegeist,倒し霊（たおしれい）,　1,1,　アンコモン,　クリーチャー,　白,飛行倒し霊が戦場に出たとき、対戦相手がコントロールするクリーチャー１体を対象とし、それをタップする。昂揚―各対戦相手のアップキープの開始時に、あなたの墓地にあるカードにカード・タイプが合計４種類以上含まれる場合、そのプレイヤーがコントロールするクリーチャー１体を対象とし、それをタップする。
　IncitedRabble,扇動された民衆（せんどうされたみんしゅう）,　2,3,　アンコモン,　〔赤〕クリーチャー,　白,(Ｔ) あなたがコントロールするアンタップ状態のクリーチャー１体をタップする：町のゴシップ屋を変身させる。各戦闘で、扇動された民衆は可能なら攻撃する。(２)：ターン終了時まで、扇動された民衆は+1/+0の修整を受ける。
　UnrulyMob,物騒な群衆（ぶっそうなぐんしゅう）,　1,1,　コモン,　クリーチャー,　１白,あなたがコントロールする他のクリーチャーが１体死亡するたび、物騒な群衆の上に+1/+1カウンターを１個置く。
　VesselofEphemera,刹那の器（せつなのうつわ）,　1,1,　コモン,　エンチャント,　１白,(２)(白) 刹那の器を生け贄に捧げる：飛行を持つ白の1/1のスピリット(Spirit)・クリーチャー・トークンを２体戦場に出す。
　PerfectedForm,完成態（かんせいたい）,　5,4,　アンコモン,　〔青〕クリーチャー,　３青,飛行あなたのアップキープの開始時に、あなたのライブラリーの一番上のカードをあなたの墓地に置く。それがインスタント・カードかソーサリー・カードなら、逸脱した研究者を変身させる。飛行
　BrokenConcentration,集中破り（しゅうちゅうやぶり）,　5,4,　アンコモン,　インスタント,　１青青,呪文１つを対象とし、それを打ち消す。マッドネス(３)(青)（あなたがこのカードを捨てるなら、これを追放領域に捨てる。あなたがそうしたとき、マッドネス・コストでこれを唱えるか、これをあなたの墓地に置く。）
　Catalog,目録（もくろく）,　5,4,　コモン,　インスタント,　２青,カードを２枚引き、その後カードを１枚捨てる。
　CompellingDeterrence,抗えない抑止（あらがえないよくし）,　5,4,　アンコモン,　インスタント,　１青,土地でないパーマネント１つを対象とし、それをオーナーの手札に戻す。あなたがゾンビ(Zombie)をコントロールしているなら、その後そのプレイヤーはカードを１枚捨てる。
　ConfirmSuspicions,疑惑の裏付け（ぎわくのうらづけ）,　5,4,　レア,　インスタント,　３青青,呪文１つを対象とし、それを打ち消す。調査を３回行う。（調査を行うとは、「(２) このアーティファクトを生け贄に捧げる：カードを１枚引く。」を持つ無色の手掛かり(Clue)アーティファクト・トークンを１つ戦場に出すことである。）
　BearerofOverwhelmingTruths,禁断の真相を知る者（きんだんのしんそうをしるもの）,　3,2,　アンコモン,　〔青〕クリーチャー,　１青,あなたが手掛かり(Clue)を１つ生け贄に捧げたとき、果敢な捜索者を変身させる。果敢（あなたがクリーチャーでない呪文を１つ唱えるたび、ターン終了時まで、このクリーチャーは+1/+1の修整を受ける。）禁断の真相を知る者がプレイヤー１人に戦闘ダメージを与えるたび、調査を行う。（「(２) このアーティファクトを生け贄に捧げる：カードを１枚引く。」を持つ無色の手掛かり(Clue)アーティファクト・トークンを１つ戦場に出す。）
　DenyExistence,存在の否定（そんざいのひてい）,　3,2,　コモン,　インスタント,　２青,クリーチャー呪文１つを対象とし、それを打ち消す。その呪文がこれにより打ち消されたなら、それをオーナーの墓地に置く代わりに追放する。
　DrownyardExplorers,溺墓の探検者（できぼのたんけんしゃ）,　2,4,　コモン,　クリーチャー,　３青,溺墓の探検者が戦場に出たとき、調査を行う。（「(２) このアーティファクトを生け贄に捧げる：カードを１枚引く。」を持つ無色の手掛かり(Clue)アーティファクト・トークンを１つ戦場に出す。）
　DrunauCorpseTrawler,ドルナウの死体あさり（どるなうのしたいあさり）,　1,1,　アンコモン,　クリーチャー,　３青,ドルナウの死体あさりが戦場に出たとき、黒の2/2のゾンビ(Zombie)・クリーチャー・トークンを１体戦場に出す。(２)(黒)：ゾンビ１体を対象とする。ターン終了時まで、それは接死を得る。
　EngulftheShore,岸の飲み込み（きしののみこみ）,　1,1,　レア,　インスタント,　３青,タフネスがあなたのコントロールする島(Island)の総数以下であるクリーチャーをすべてオーナーの手札に戻す。
　EpiphanyattheDrownyard,溺墓での天啓（できぼでのてんけい）,　1,1,　レア,　インスタント,　Ｘ青,あなたのライブラリーの一番上からＸに１を足した枚数のカードを公開し、それらを２つの束に分ける。対戦相手１人はそのうちの束１つを選ぶ。選ばれた束をあなたの手札に加え、もう一方をあなたの墓地に置く。
　ErdwalIlluminator,エルドワルの照光（えるどわるのしょうこう）,　1,3,　アンコモン,　クリーチャー,　１青,飛行あなたが各ターン最初に調査を行うたび、追加で調査を１回行う。
　EssenceFlux,本質の変転（ほんしつのへんてん）,　1,3,　アンコモン,　インスタント,　青,あなたがコントロールするクリーチャー１体を対象とし、それを追放する。その後、そのカードをオーナーのコントロール下で戦場に戻す。それがスピリット(Spirit)であるなら、それの上に+1/+1カウンターを１個置く。
　FleetingMemories,束の間の記憶（つかのまのきおく）,　1,3,　アンコモン,　エンチャント,　２青,束の間の記憶が戦場に出たとき、調査を行う。（「(２) このアーティファクトを生け贄に捧げる：カードを１枚引く。」を持つ無色の手掛かり(Clue)アーティファクト・トークンを１つ戦場に出す。）あなたが手掛かりを１つ生け贄に捧げるたび、プレイヤー１人を対象とする。そのプレイヤーは自分のライブラリーの一番上から３枚のカードを自分の墓地に置く。
　ForgottenCreation,忘れられた作品（わすれられたさくひん）,　3,3,　レア,　クリーチャー,　３青,潜伏（このクリーチャーは、これより大きなパワーを持つクリーチャーによってはブロックされない。）あなたのアップキープの開始時に、あなたはあなたの手札にあるカードをすべて捨ててもよい。そうしたなら、その枚数に等しい枚数のカードを引く。
　FurtiveHomunculus,隠れるホムンクルス（かくれるほむんくるす）,　2,1,　コモン,　クリーチャー,　１青,潜伏（このクリーチャーは、これより大きなパワーを持つクリーチャーによってはブロックされない。）
　Geralf'sMasterpiece,ゲラルフの傑作（げらるふのけっさく）,　7,7,　神話レア,　クリーチャー,　３青青,飛行ゲラルフの傑作は、あなたの手札にあるカード１枚につき-1/-1の修整を受ける。(３)(青) カードを３枚捨てる：あなたの墓地からゲラルフの傑作をタップ状態で戦場に戻す。
　GhostlyWings,かそけき翼（かそけきつばさ）,　7,7,　コモン,　エンチャント,　１青,エンチャント（クリーチャー）エンチャントされているクリーチャーは、+1/+1の修整を受けるとともに飛行を持つ。カードを１枚捨てる：エンチャントされているクリーチャーを、オーナーの手札に戻す。
　GoneMissing,行方不明（ゆくえふめい）,　7,7,　コモン,　ソーサリー,　４青,パーマネント１つを対象とし、それをオーナーのライブラリーの一番上に置く。調査を行う。（「(２) このアーティファクトを生け贄に捧げる：カードを１枚引く。」を持つ無色の手掛かり(Clue)アーティファクト・トークンを１つ戦場に出す。）
　InvasiveSurgery,侵襲手術（しんしゅうしゅじゅつ）,　7,7,　アンコモン,　インスタント,　青,ソーサリー呪文１つを対象とし、それを打ち消す。昂揚―あなたの墓地にあるカードにカード・タイプが合計４種類以上含まれるなら、その呪文のコントローラーの墓地と手札とライブラリーからその呪文と同じ名前を持つカードを望む枚数探し、それらのカードを追放する。その後、そのプレイヤーは自分のライブラリーを切り直す。
　Jace UnravelerofSecrets,秘密の解明者、ジェイス（ひみつのかいめいしゃじぇいす）,　7,7,　神話レア,　プレインズウォーカー,　３青青,[+1]：占術１を行い、その後カードを１枚引く。[-2]：クリーチャー１体を対象とし、それをオーナーの手札に戻す。[-8]：あなたは「対戦相手１人が各ターンの自分の１つ目の呪文を唱えるたび、その呪文を打ち消す。」を持つ紋章を得る。　忠誠度：5
　Jace'sScrutiny,ジェイスの精査（じぇいすのせいさ）,　7,7,　コモン,　インスタント,　１青,クリーチャー１体を対象とする。ターン終了時まで、それは-4/-0の修整を受ける。調査を行う。（「(２) このアーティファクトを生け贄に捧げる：カードを１枚引く。」を持つ無色の手掛かり(Clue)アーティファクト・トークンを１つ戦場に出す。）
　JusttheWind,ただの風（ただのかぜ）,　7,7,　コモン,　インスタント,　１青,クリーチャー１体を対象とし、それをオーナーの手札に戻す。マッドネス(青)（あなたがこのカードを捨てるなら、これを追放領域に捨てる。あなたがそうしたとき、マッドネス・コストでこれを唱えるか、これをあなたの墓地に置く。）
　LamplighterofSelhoff,セルホフのランプ灯し（せるほふのらんぷともし）,　3,5,　コモン,　クリーチャー,　４青,セルホフのランプ灯しが戦場に出たとき、あなたが他のゾンビ(Zombie)をコントロールしている場合、あなたはカードを１枚引いてもよい。そうしたなら、カードを１枚捨てる。
　ManicScribe,躁の書記官（そうのしょきかん）,　0,3,　アンコモン,　クリーチャー,　１青,躁の書記官が戦場に出たとき、各対戦相手はそれぞれ自分のライブラリーの一番上から３枚のカードを自分の墓地に置く。昂揚―各対戦相手のアップキープの開始時に、あなたの墓地にあるカードにカード・タイプが合計４種類以上含まれる場合、そのプレイヤーは自分のライブラリーの一番上から３枚のカードを自分の墓地に置く。
　NaggingThoughts,収まらぬ思い（おさまらぬおもい）,　0,3,　コモン,　ソーサリー,　１青,あなたのライブラリーの一番上から２枚のカードを見る。そのうち１枚をあなたの手札に加え、もう１枚をあなたの墓地に置く。マッドネス(１)(青)（あなたがこのカードを捨てるなら、これを追放領域に捨てる。あなたがそうしたとき、マッドネス・コストでこれを唱えるか、これをあなたの墓地に置く。）
　NephaliaMoondrakes,ネファリアの月ドレイク（ねふぁりあのつきどれいく）,　5,5,　レア,　クリーチャー,　５青青,飛行ネファリアの月ドレイクが戦場に出たとき、クリーチャー１体を対象とする。ターン終了時まで、それは飛行を得る。(４)(青)(青) あなたの墓地からネファリアの月ドレイクを追放する：ターン終了時まで、あなたがコントロールするクリーチャーは飛行を得る。
　NiblisofDusk,薄暮のニブリス（はくぼのにぶりす）,　2,1,　コモン,　クリーチャー,　２青,飛行果敢（あなたがクリーチャーでない呪文を１つ唱えるたび、ターン終了時まで、このクリーチャーは+1/+1の修整を受ける。）
　OngoingInvestigation,継続する調査（けいぞくするちょうさ）,　2,1,　アンコモン,　エンチャント,　１青,あなたがコントロールする１体以上のクリーチャーがプレイヤー１人に戦闘ダメージを与えるたび、調査を行う。（「(２) このアーティファクトを生け贄に捧げる：カードを１枚引く。」を持つ無色の手掛かり(Clue)アーティファクト・トークンを１つ戦場に出す。）(１)(緑) あなたの墓地からクリーチャー・カード１枚を追放する：調査を行う。あなたは２点のライフを得る。
　PiecesofthePuzzle,パズルの欠片（ぱずるのかけら）,　2,1,　コモン,　ソーサリー,　２青,あなたのライブラリーの一番上から５枚のカードを公開する。その中からインスタント・カードやソーサリー・カードを最大２枚まであなたの手札に加え、残りをあなたの墓地に置く。
　PoreOverthePages,熟読（じゅくどく）,　2,1,　アンコモン,　ソーサリー,　３青青,カードを３枚引き、土地を最大２つアンタップし、その後カードを１枚捨てる。
　PressforAnswers,回答の強要（かいとうのきょうよう）,　2,1,　コモン,　ソーサリー,　１青,クリーチャー１体を対象とし、それをタップする。それは、そのコントローラーの次のアンタップ・ステップにアンタップしない。調査を行う。（「(２) このアーティファクトを生け贄に捧げる：カードを１枚引く。」を持つ無色の手掛かり(Clue)アーティファクト・トークンを１つ戦場に出す。）
　Rattlechains,鎖鳴らし（くさりならし）,　2,1,　レア,　クリーチャー,　１青,瞬速飛行鎖鳴らしが戦場に出たとき、スピリット(Spirit)１体を対象とする。ターン終了時まで、それは呪禁を得る。あなたはスピリット呪文を、それが瞬速を持っているかのように唱えてもよい。
　RecklessScholar,無謀な識者（むぼうなしきしゃ）,　2,1,　アンコモン,　クリーチャー,　２青,(Ｔ)：プレイヤー１人を対象とする。そのプレイヤーはカードを１枚引き、その後カードを１枚捨てる。
　RisefromtheTides,潮からの蘇生（しおからのそせい）,　2,1,　アンコモン,　ソーサリー,　５青,あなたの墓地にあるインスタント・カードとソーサリー・カードの合計に等しい数の、黒の2/2のゾンビ(Zombie)・クリーチャー・トークンをタップ状態で戦場に出す。
　SeagrafSkaab,海墓のスカーブ（かいぼのすかーぶ）,　1,3,　コモン,　クリーチャー,　１青,
　SilburlindSnapper,シルブールリンドのカミツキガメ（しるぶーるりんどのかみつきがめ）,　6,6,　コモン,　クリーチャー,　５青,あなたがこのターンにクリーチャーでない呪文を唱えていないかぎり、シルブールリンドのカミツキガメでは攻撃できない。
　SilentObserver,沈黙の観察者（ちんもくのかんさつしゃ）,　1,5,　コモン,　クリーチャー,　３青,飛行
　SleepParalysis,金縛り（かなしばり）,　1,5,　コモン,　エンチャント,　３青,エンチャント（クリーチャー）金縛りが戦場に出たとき、エンチャントされているクリーチャーをタップする。エンチャントされているクリーチャーは、それのコントローラーのアンタップ・ステップにアンタップしない。
　PersistentNightmare,絶え間ない悪夢（たえまないあくむ）,　1,1,　神話レア,　〔青〕クリーチャー,　２青青,対戦相手１人を対象とする。そのプレイヤーは、自分のライブラリーの一番上から１３枚のカードを自分の墓地に置く。(３)(青)(青)：あなたの墓地から驚恐の目覚めを変身させた状態で戦場に出す。この能力は、あなたがソーサリーを唱えられるときにのみ起動できる。潜伏（このクリーチャーは、これより大きなパワーを持つクリーチャーによってはブロックされない。）絶え間ない悪夢がプレイヤー１人に戦闘ダメージを与えたとき、これをオーナーの手札に戻す。
　StitchedMangler,縫合の刻み獣（ほうごうのきざみじゅう）,　2,3,　コモン,　クリーチャー,　２青,縫合の刻み獣はタップ状態で戦場に出る。縫合の刻み獣が戦場に出たとき、対戦相手がコントロールするクリーチャー１体を対象とし、それをタップする。そのクリーチャーは、それのコントローラーの次のアンタップ・ステップにアンタップしない。
　StitchwingSkaab,縫い翼のスカーブ（ぬいつばさのすかーぶ）,　3,1,　アンコモン,　クリーチャー,　３青,飛行(１)(青) カードを２枚捨てる：あなたの墓地から縫い翼のスカーブをタップ状態で戦場に戻す。
　StormriderSpirit,嵐乗りの精霊（あらしのりのせいれい）,　3,3,　コモン,　クリーチャー,　４青,瞬速（あなたはこの呪文を、あなたがインスタントを唱えられるときならいつでも唱えてよい。）飛行
　AwokenHorror,目覚めた恐怖（めざめたきょうふ）,　7,8,　レア,　〔青〕クリーチャー,　１青,防衛氷の中の存在は氷(ice)カウンターが４個置かれた状態で戦場に出る。あなたがインスタント呪文１つかソーサリー呪文１つを唱えるたび、氷の中の存在の上から氷カウンターを１個取り除く。その後、氷の中の存在の上に氷カウンターがないなら、これを変身させる。このクリーチャーが目覚めた恐怖に変身したとき、ホラー(Horror)でないすべてのクリーチャーをオーナーの手札に戻す。
　TrailofEvidence,証拠の痕跡（しょうこのこんせき）,　7,8,　アンコモン,　エンチャント,　２青,あなたがインスタント呪文かソーサリー呪文を１つ唱えるたび、調査を行う。（「(２) このアーティファクトを生け贄に捧げる：カードを１枚引く。」を持つ無色の手掛かり(Clue)アーティファクト・トークンを１つ戦場に出す。）
　UnimpededTrespasser,阻み難い侵入者（はばみがたいしんにゅうしゃ）,　3,3,　アンコモン,　〔青〕クリーチャー,　２青,潜伏（このクリーチャーは、これより大きなパワーを持つクリーチャーによってはブロックされない。）招かれざる霊がプレイヤー１人に戦闘ダメージを与えたとき、これを変身させる。阻み難い侵入者はブロックされない。
　VesselofParamnesia,健忘の器（けんぼうのうつわ）,　3,3,　コモン,　エンチャント,　１青,(青) 健忘の器を生け贄に捧げる：プレイヤー１人を対象とする。そのプレイヤーは、自分のライブラリーの一番上から３枚のカードを自分の墓地に置く。カードを１枚引く。
　WelcometotheFold,教団の歓迎（きょうだんのかんげい）,　3,3,　レア,　ソーサリー,　２青青,マッドネス(Ｘ)(青)(青)（あなたがこのカードを捨てるなら、これを追放領域に捨てる。あなたがそうしたとき、マッドネス・コストでこれを唱えるか、これをあなたの墓地に置く。）クリーチャー１体を対象とする。そのクリーチャーのタフネスが２以下であるなら、それのコントロールを得る。教団の歓迎のマッドネス・コストが支払われていたなら、代わりに、そのクリーチャーのタフネスがＸ以下であるなら、それのコントロールを得る。
　InfectiousCurse,感染性の呪い（かんせんせいののろい）,　4,2,　アンコモン,　〔黒〕エンチャント,　３黒,あなたの対戦相手が呪われた魔女を対象とする呪文を唱えるためのコストは(１)少なくなる。呪われた魔女が死亡したとき、対戦相手１人を対象とする。これを変身させた状態であなたのコントロール下でそのプレイヤーにつけられた状態で戦場に戻す。エンチャント（プレイヤー）あなたがエンチャントされているプレイヤーを対象とする呪文を唱えるためのコストは(１)少なくなる。エンチャントされているプレイヤーのアップキープの開始時に、そのプレイヤーは１点のライフを失い、あなたは１点のライフを得る。
　AlmsoftheVein,血管の施し（けっかんのほどこし）,　4,2,　コモン,　ソーサリー,　２黒,対戦相手１人を対象とする。そのプレイヤーは３点のライフを失い、あなたは３点のライフを得る。マッドネス(黒)（あなたがこのカードを捨てるなら、これを追放領域に捨てる。あなたがそうしたとき、マッドネス・コストでこれを唱えるか、これをあなたの墓地に置く。）
　AsylumVisitor,精神病棟の訪問者（せいしんびょうとうのほうもんしゃ）,　3,1,　レア,　クリーチャー,　１黒,各プレイヤーのアップキープの開始時に、そのプレイヤーの手札にカードがない場合、あなたはカードを１枚引き、１点のライフを失う。マッドネス(１)(黒)（あなたがこのカードを捨てるなら、これを追放領域に捨てる。あなたがそうしたとき、マッドネス・コストでこれを唱えるか、これをあなたの墓地に置く。）
　BehindtheScenes,裏工作（うらこうさく）,　3,1,　アンコモン,　エンチャント,　２黒,あなたがコントロールするクリーチャーは潜伏を持つ。（それらは、自身より大きなパワーを持つクリーチャーによってはブロックされない。）(４)(白)：ターン終了時まで、あなたがコントロールするクリーチャーは+1/+1の修整を受ける。
　BeholdtheBeyond,来世の警告（らいせのけいこく）,　3,1,　神話レア,　ソーサリー,　５黒黒,あなたの手札を捨てる。あなたのライブラリーからカードを３枚探し、それらのカードをあなたの手札に加える。その後、あなたのライブラリーを切り直す。
　BitingRain,突き刺さる雨（つきささるあめ）,　3,1,　アンコモン,　ソーサリー,　２黒黒,ターン終了時まで、すべてのクリーチャーは-2/-2の修整を受ける。マッドネス(２)(黒)（あなたがこのカードを捨てるなら、これを追放領域に捨てる。あなたがそうしたとき、マッドネス・コストでこれを唱えるか、これをあなたの墓地に置く。）
　CalltheBloodline,血統の呼び出し（けっとうのよびだし）,　3,1,　アンコモン,　エンチャント,　１黒,(１) カードを１枚捨てる：絆魂を持つ黒の1/1の吸血鬼(Vampire)・騎士(Knight)クリーチャー・トークンを１体戦場に出す。この能力は、毎ターン１回のみ起動できる。
　CreepingDread,忍び寄る驚怖（しのびよるきょうふ）,　3,1,　アンコモン,　エンチャント,　３黒,あなたのアップキープの開始時に、各プレイヤーはそれぞれカードを１枚捨てる。あなたが捨てたカードと共通のカード・タイプを持つカードを捨てた各対戦相手は、それぞれ３点のライフを失う。（すべてのプレイヤーは捨てるカードを同時に公開する。）
　CrowofDarkTidings,闇告げカラス（やみつげからす）,　2,1,　コモン,　クリーチャー,　２黒,飛行闇告げカラスが戦場に出るか死亡したとき、あなたのライブラリーの一番上から２枚のカードをあなたの墓地に置く。
　DeadWeight,死の重み（しのおもみ）,　2,1,　コモン,　エンチャント,　黒,エンチャント（クリーチャー）エンチャントされているクリーチャーは-2/-2の修整を受ける。
　DiregrafColossus,戦墓の巨人（せんぼのきょじん）,　2,2,　レア,　クリーチャー,　２黒,戦墓の巨人は、あなたの墓地にあるゾンビ(Zombie)・カード１枚につき+1/+1カウンターが１個置かれた状態で戦場に出る。あなたがゾンビ呪文を１つ唱えるたび、黒の2/2のゾンビ・クリーチャー・トークンを１体タップ状態で戦場に出す。
　InsidiousMist,陰湿な霧（いんしつなきり）,　0,1,　レア,　〔青〕クリーチャー,　２黒黒,(１) カードを１枚捨てる：神出鬼没な拷問者を変身させる。呪禁、破壊不能陰湿な霧ではブロックできず、陰湿な霧はブロックされない。陰湿な霧が攻撃してブロックされないたび、あなたは(２)(黒)を支払ってもよい。そうしたなら、これを変身させる。
　EverAfter,末永く（すえながく）,　0,1,　レア,　ソーサリー,　４黒黒,あなたの墓地からクリーチャー・カードを最大２枚まで対象とし、それらを戦場に戻す。それらのクリーチャーは、他の色やタイプに加えて黒のゾンビ(Zombie)でもある。末永くをオーナーのライブラリーの一番下に置く。
　FarbogRevenant,遠沼の亡霊（とおぬまのぼうれい）,　1,3,　コモン,　クリーチャー,　２黒,潜伏（このクリーチャーは、これより大きなパワーを持つクリーチャーによってはブロックされない。）絆魂（このクリーチャーがダメージを与えると、さらにあなたはその点数分のライフを得る。）
　FromUndertheFloorboards,床下から（ゆかしたから）,　1,3,　レア,　ソーサリー,　３黒黒,マッドネス(Ｘ)(黒)(黒)（あなたがこのカードを捨てるなら、これを追放領域に捨てる。あなたがそうしたとき、マッドネス・コストでこれを唱えるか、これをあなたの墓地に置く。）黒の2/2のゾンビ(Zombie)・クリーチャー・トークンを３体タップ状態で戦場に出し、あなたは３点のライフを得る。床下からのマッドネス・コストが支払われていたなら、代わりに、同様のトークンをＸ体タップ状態で戦場に出し、あなたはＸ点のライフを得る。
　Ghoulcaller'sAccomplice,グール呼びの共犯者（ぐーるよびのきょうはんしゃ）,　2,2,　コモン,　クリーチャー,　１黒,(３)(黒) あなたの墓地からグール呼びの共犯者を追放する：黒の2/2のゾンビ(Zombie)・クリーチャー・トークンを１体戦場に出す。この能力は、あなたがソーサリーを唱えられるときにのみ起動できる。
　Ghoulsteed,グール馬（ぐーるば）,　4,4,　アンコモン,　クリーチャー,　４黒,(２)(黒) カードを２枚捨てる：あなたの墓地からグール馬をタップ状態で戦場に戻す。
　Gisa'sBidding,ギサの召集（ぎさのしょうしゅう）,　4,4,　アンコモン,　ソーサリー,　２黒黒,黒の2/2のゾンビ(Zombie)・クリーチャー・トークンを２体戦場に出す。マッドネス(２)(黒)（あなたがこのカードを捨てるなら、これを追放領域に捨てる。あなたがそうしたとき、マッドネス・コストでこれを唱えるか、これをあなたの墓地に置く。）
　GrotesqueMutation,奇怪な突然変異（きかいなとつぜんへんい）,　4,4,　コモン,　インスタント,　１黒,クリーチャー１体を対象とする。ターン終了時まで、それは+3/+1の修整を受けるとともに絆魂を得る。（そのクリーチャーがダメージを与えると、さらにそのコントローラーはその点数分のライフを得る。）
　HeirtotheNight,夜陰の後継者（やいんのこうけいしゃ）,　3,2,　アンコモン,　〔黒〕クリーチャー,　１黒,カードを１枚捨てる：ファルケンラスの後継者を変身させる。この能力は、毎ターン１回のみ起動できる。飛行
　HoundoftheFarbogs,遠沼の猟犬（とおぬまのりょうけん）,　5,3,　コモン,　クリーチャー,　４黒,昂揚―あなたの墓地にあるカードにカード・タイプが合計４種類以上含まれるかぎり、遠沼の猟犬は威迫を持つ。（威迫を持つクリーチャーは２体以上のクリーチャーによってしかブロックされない。）
　IndulgentAristocrat,甘やかす貴種（あまやかすきしゅ）,　1,1,　アンコモン,　クリーチャー,　黒,絆魂(２) クリーチャーを１体生け贄に捧げる：あなたがコントロールする各吸血鬼(Vampire)の上に+1/+1カウンターをそれぞれ１個置く。
　Demon-PossessedWitch,悪魔憑きの魔女（あくまつきのまじょ）,　4,3,　アンコモン,　〔黒〕クリーチャー,　２黒,昂揚―(２)(黒)：親切な余所者を変身させる。この能力は、あなたの墓地にあるカードにカード・タイプが合計４種類以上含まれるときにのみ起動できる。このクリーチャーが悪魔憑きの魔女に変身したとき、クリーチャー１体を対象とする。あなたはそれを破壊してもよい。
　Liliana'sIndignation,リリアナの憤り（りりあなのいきどおり）,　4,3,　アンコモン,　ソーサリー,　Ｘ黒,プレイヤー１人を対象とする。あなたのライブラリーの一番上からＸ枚のカードをあなたの墓地に置く。そのプレイヤーは、これによりあなたの墓地に置かれたクリーチャー・カード１枚につき２点のライフを失う。
　MacabreWaltz,死の円舞曲（しのえんぶきょく）,　4,3,　コモン,　ソーサリー,　１黒,あなたの墓地にあるクリーチャー・カードを最大２枚まで対象とし、それらをあなたの手札に戻す。その後カードを１枚捨てる。
　MarkovDreadknight,マルコフの戦慄騎士（まるこふのせんりつきし）,　3,3,　レア,　クリーチャー,　３黒黒,飛行(２)(黒) カードを１枚捨てる：マルコフの戦慄騎士の上に+1/+1カウンターを２個置く。
　MercilessResolve,無慈悲な決意（むじひなけつい）,　3,3,　コモン,　インスタント,　２黒,無慈悲な決意を唱えるための追加コストとして、クリーチャー１体か土地１つを生け贄に捧げる。カードを２枚引く。
　MindwrackDemon,精神壊しの悪魔（せいしんこわしのあくま）,　4,5,　神話レア,　クリーチャー,　２黒黒,飛行、トランプル精神壊しの悪魔が戦場に出たとき、あなたのライブラリーの一番上から４枚のカードをあなたの墓地に置く。昂揚―あなたのアップキープの開始時に、あなたの墓地にあるカードにカード・タイプが４種類以上含まれるのでないかぎり、あなたは４点のライフを失う。
　MorkrutNecropod,モークラットの屍蛞蝓（もーくらっとのしなめくじ）,　7,7,　アンコモン,　クリーチャー,　５黒,威迫（このクリーチャーは２体以上のクリーチャーによってしかブロックされない。）モークラットの屍蛞蝓が攻撃かブロックするたび、他のクリーチャー１体か他の土地１つを生け贄に捧げる。
　MurderousCompulsion,殺人衝動（さつじんしょうどう）,　7,7,　コモン,　ソーサリー,　１黒,タップ状態のクリーチャー１体を対象とし、それを破壊する。マッドネス(１)(黒)（あなたがこのカードを捨てるなら、これを追放領域に捨てる。あなたがそうしたとき、マッドネス・コストでこれを唱えるか、これをあなたの墓地に置く。）
　Olivia'sBloodsworn,オリヴィアの血誓い（おりう゛ぃあのちちかい）,　2,1,　アンコモン,　クリーチャー,　１黒,飛行オリヴィアの血誓いではブロックできない。(赤)：吸血鬼(Vampire)１体を対象とする。ターン終了時まで、それは速攻を得る。
　PaleRiderofTrostad,トロスタッドの死騎手（とろすたっどのしきしゅ）,　3,3,　アンコモン,　クリーチャー,　１黒,潜伏（このクリーチャーは、これより大きなパワーを持つクリーチャーによってはブロックされない。）トロスタッドの死騎手が戦場に出たとき、カード１枚を捨てる。
　PicktheBrain,知恵の拝借（ちえのはいしゃく）,　3,3,　アンコモン,　ソーサリー,　２黒,対戦相手１人を対象とする。そのプレイヤーは自分の手札を公開する。あなたはその中から土地でないカードを１枚選び、そのカードを追放する。昂揚―あなたの墓地にあるカードにカード・タイプが合計４種類以上含まれるなら、そのプレイヤーの墓地と手札とライブラリーからそのカードと同じ名前を持つカードを望む枚数探し、それらのカードを追放する。その後、そのプレイヤーは自分のライブラリーを切り直す。
　RancidRats,腐臭ネズミ（ふしゅうねずみ）,　1,1,　コモン,　クリーチャー,　１黒,潜伏（このクリーチャーは、これより大きなパワーを持つクリーチャーによってはブロックされない。）接死（これが何らかのダメージをクリーチャーに与えたら、それだけで破壊する。）
　RelentlessDead,無情な死者（むじょうなししゃ）,　2,2,　神話レア,　クリーチャー,　黒黒,威迫（このクリーチャーは２体以上のクリーチャーによってしかブロックされない。）無情な死者が死亡したとき、あなたは(黒)を支払ってもよい。そうしたなら、これをオーナーの手札に戻す。無情な死者が死亡したとき、あなたの墓地から点数で見たマナ・コストがＸの他のゾンビ(Zombie)・クリーチャー・カード１枚を対象とする。あなたは(Ｘ)を支払ってもよい。そうしたなら、それを戦場に戻す。
　RottenheartGhoul,腐敗心のグール（ふはいしんのぐーる）,　2,4,　コモン,　クリーチャー,　３黒,腐敗心のグールが死亡したとき、プレイヤー１人を対象とする。そのプレイヤーはカードを１枚捨てる。
　SanitariumSkeleton,療養所の骸骨（りょうようじょのがいこつ）,　1,2,　コモン,　クリーチャー,　黒,(２)(黒)：あなたの墓地から療養所の骸骨をあなたの手札に戻す。
　ShambleBack,よろめく帰還（よろめくきかん）,　1,2,　コモン,　ソーサリー,　黒,墓地からクリーチャー・カード１枚を対象とし、それを追放する。黒の2/2のゾンビ(Zombie)・クリーチャー・トークンを１体戦場に出す。あなたは２点のライフを得る。
　SinisterConcoction,悪意の調合（あくいのちょうごう）,　1,2,　アンコモン,　エンチャント,　黒,(黒) ライフを１点支払う あなたのライブラリーの一番上のカードをあなたの墓地に置く カードを１枚捨てる 悪意の調合を生け贄に捧げる：クリーチャー１体を対象とし、それを破壊する。
　StallionofAshmouth,灰口の雄馬（はいぐちのおうま）,　3,3,　コモン,　クリーチャー,　３黒,昂揚―(１)(黒)：ターン終了時まで、灰口の雄馬は+1/+1の修整を受ける。あなたの墓地にあるカードにカード・タイプが合計４種類以上含まれるときにのみ起動できる。
　StromkirkMentor,流城の導師（りゅうじょうのどうし）,　4,2,　コモン,　クリーチャー,　３黒,流城の導師が戦場に出たとき、あなたがコントロールする他の吸血鬼(Vampire)１体を対象とし、それの上に+1/+1カウンターを１個置く。
　Throttle,絞首（こうしゅ）,　4,2,　コモン,　インスタント,　４黒,クリーチャー１体を対象とする。ターン終了時まで、それは-4/-4の修整を受ける。
　TotheSlaughter,餌食（えじき）,　4,2,　レア,　インスタント,　２黒,プレイヤー１人を対象とする。そのプレイヤーはクリーチャー１体かプレインズウォーカー１体を生け贄に捧げる。昂揚―あなたの墓地にあるカードにカード・タイプが合計４種類以上含まれるなら、代わりに、そのプレイヤーはクリーチャー１体とプレインズウォーカー１体を生け贄に捧げる。
　ToothCollector,歯牙収集家（しがしゅうしゅうか）,　3,2,　アンコモン,　クリーチャー,　２黒,歯牙収集家が戦場に出たとき、対戦相手がコントロールするクリーチャー１体を対象とする。ターン終了時まで、それは-1/-1の修整を受ける。昂揚―各対戦相手のアップキープの開始時に、あなたの墓地にあるカードにカード・タイプが合計４種類以上含まれる場合、そのプレイヤーがコントロールするクリーチャー１体を対象とする。ターン終了時まで、それは-1/-1の修整を受ける。
　Triskaidekaphobia,十三恐怖症（じゅうさんきょうふしょう）,　3,2,　レア,　エンチャント,　３黒,あなたのアップキープの開始時に、１つを選ぶ。・ちょうど13点のライフを持つ各プレイヤーはそれぞれゲームに敗北する。その後、各プレイヤーはそれぞれ１点のライフを得る。・ちょうど13点のライフを持つ各プレイヤーはそれぞれゲームに敗北する。その後、各プレイヤーはそれぞれ１点のライフを失う。
　TwinsofMaurerEstate,マウアー地所の双子（まうあーじしょのふたご）,　3,5,　コモン,　クリーチャー,　４黒,マッドネス(２)(黒)（あなたがこのカードを捨てるなら、これを追放領域に捨てる。あなたがそうしたとき、マッドネス・コストでこれを唱えるか、これをあなたの墓地に置く。）
　VampireNoble,吸血貴族（きゅうけつきぞく）,　3,2,　コモン,　クリーチャー,　２黒,
　VesselofMalignity,悪意の器（あくいのうつわ）,　3,2,　コモン,　エンチャント,　１黒,(１)(黒) 悪意の器を生け贄に捧げる：対戦相手１人を対象とする。そのプレイヤーは自分の手札からカードを２枚追放する。この能力は、あなたがソーサリーを唱えられるときにのみ起動できる。
　Avacyn'sJudgment,アヴァシンの裁き（あう゛ぁしんのさばき）,　3,2,　レア,　ソーサリー,　１赤,マッドネス(Ｘ)(赤)（あなたがこのカードを捨てるなら、これを追放領域に捨てる。あなたがそうしたとき、マッドネス・コストでこれを唱えるか、これをあなたの墓地に置く。）望む数のクリーチャーやプレイヤーを対象とする。アヴァシンの裁きはそれらに２点のダメージをあなたの望むように分割して与える。アヴァシンの裁きのマッドネス・コストが支払われていたなら、代わりに、アヴァシンの裁きはそれらにＸ点のダメージをあなたの望むように分割して与える。
　BloodmadVampire,血狂いの吸血鬼（ちぐるいのきゅうけつき）,　4,1,　コモン,　クリーチャー,　２赤,血狂いの吸血鬼がプレイヤー１人に戦闘ダメージを与えるたび、これの上に+1/+1カウンターを１個置く。マッドネス(１)(赤)（あなたがこのカードを捨てるなら、これを追放領域に捨てる。あなたがそうしたとき、マッドネス・コストでこれを唱えるか、これをあなたの墓地に置く。）
　NeckBreaker,首折り（くびおり）,　4,3,　アンコモン,　〔赤〕クリーチャー,　１赤赤,各アップキープの開始時に、直前のターンに呪文が唱えられていなかった場合、首折れ路の乗り手を変身させる。あなたがコントロールする攻撃クリーチャーは+1/+0の修整を受けるとともにトランプルを持つ。各アップキープの開始時に、直前のターンにプレイヤー１人が２つ以上の呪文を唱えていた場合、首折りを変身させる。
　BurnfromWithin,内部着火（ないぶちゃっか）,　4,3,　レア,　ソーサリー,　Ｘ赤,クリーチャー１体かプレイヤー１人を対象とする。内部着火はそれにＸ点のダメージを与える。これによりクリーチャーにダメージが与えられたなら、ターン終了時まで、それは破壊不能を失う。そのクリーチャーがこのターンに死亡するなら、代わりにそれを追放する。
　BrandedHowler,焼き印の咆哮者（やきいんのほうこうしゃ）,　4,4,　コモン,　〔赤〕クリーチャー,　２赤,各アップキープの開始時に、直前のターンに呪文が唱えられていなかった場合、既決殺人犯を変身させる。各アップキープの開始時に、直前のターンにプレイヤー１人が２つ以上の呪文を唱えていた場合、焼き印の咆哮者を変身させる。
　DancewithDevils,悪魔と踊る（あくまとおどる）,　4,4,　アンコモン,　インスタント,　３赤,赤の1/1のデビル(Devil)・クリーチャー・トークンを２体戦場に出す。それらは「このクリーチャーが死亡したとき、クリーチャー１体かプレイヤー１人を対象とする。このクリーチャーはそれに１点のダメージを与える。」を持つ。
　Devils'Playground,悪魔の遊び場（あくまのあそびば）,　4,4,　レア,　ソーサリー,　４赤赤,赤の1/1のデビル(Devil)・クリーチャー・トークンを４体戦場に出す。それらは「このクリーチャーが死亡したとき、クリーチャー１体かプレイヤー１人を対象とする。このクリーチャーはそれに１点のダメージを与える。」を持つ。
　DissensionintheRanks,内部衝突（ないぶしょうとつ）,　4,4,　アンコモン,　インスタント,　３赤赤,ブロック・クリーチャー１体と他のブロック・クリーチャー１体を対象とする。その前者はその後者と格闘を行う。
　DualShot,両手撃ち（りょうてうち）,　4,4,　コモン,　インスタント,　赤,クリーチャーを最大２体まで対象とする。両手撃ちはそれらにそれぞれ１点のダメージを与える。
　Ember-EyeWolf,燃えさし眼の狼（もえさしめのおおかみ）,　1,2,　コモン,　クリーチャー,　１赤,速攻(１)(赤)：ターン終了時まで、燃えさし眼の狼は+2/+0の修整を受ける。
　FalkenrathGorger,ファルケンラスの過食者（ふぁるけんらすのかしょくしゃ）,　2,1,　レア,　クリーチャー,　赤,戦場にない、あなたがオーナーである各吸血鬼(Vampire)クリーチャー・カードはマッドネスを持つ。そのマッドネス・コストはそれのマナ・コストに等しい。（あなたがそのカードを捨てるなら、それを追放領域に捨てる。あなたがそうしたとき、マッドネス・コストでそれを唱えるか、それをあなたの墓地に置く。）
　FieryTemper,癇しゃく（かんしゃく）,　2,1,　コモン,　インスタント,　１赤赤,クリーチャー１体かプレイヤー１人を対象とする。癇しゃくはそれに３点のダメージを与える。マッドネス(赤)（あなたがこのカードを捨てるなら、これを追放領域に捨てる。あなたがそうしたとき、マッドネス・コストでこれを唱えるか、これをあなたの墓地に置く。）
　FlamebladeAngel,炎刃の天使（ほのおやいばのてんし）,　4,4,　レア,　クリーチャー,　４赤赤,飛行対戦相手がコントロールする発生源１つがあなたかあなたがコントロールするパーマネント１つにダメージを与えるたび、あなたは「炎刃の天使はその発生源のコントローラーに１点のダメージを与える。」を選んでもよい。
　GatstafRavagers,ガツタフの荒廃者（がつたふのこうはいしゃ）,　6,5,　コモン,　〔赤〕クリーチャー,　４赤,各アップキープの開始時に、直前のターンに呪文が唱えられていなかった場合、ガツタフの放火魔を変身させる。威迫（このクリーチャーは２体以上のクリーチャーによってしかブロックされない。）各アップキープの開始時に、直前のターンにプレイヤー１人が２つ以上の呪文を唱えていた場合、ガツタフの荒廃者を変身させる。
　Vildin-PackAlpha,ヴィルディン群れの頭目（う゛ぃるでぃんむれのとうもく）,　4,3,　レア,　〔赤〕クリーチャー,　２赤,速攻各アップキープの開始時に、直前のターンに呪文が唱えられていなかった場合、ガイアー岬の山賊を変身させる。狼男(Werewolf)が１体あなたのコントロール下で戦場に出るたび、あなたはそれを変身させてもよい。各アップキープの開始時に、直前のターンにプレイヤー１人が２つ以上の呪文を唱えていた場合、ヴィルディン群れの頭目を変身させる。
　Geistblast,霊魂破（れいこんは）,　4,3,　アンコモン,　インスタント,　２赤,クリーチャー１体かプレイヤー１人を対象とする。霊魂破はそれに２点のダメージを与える。(２)(青) あなたの墓地から霊魂破を追放する：あなたがコントロールする、インスタント呪文１つかソーサリー呪文１つを対象とし、それをコピーする。あなたはそのコピーの新しい対象を選んでもよい。
　GibberingFiend,つぶやく悪鬼（つぶやくあっき）,　2,1,　アンコモン,　クリーチャー,　１赤,つぶやく悪鬼が戦場に出たとき、これは各対戦相手にそれぞれ１点のダメージを与える。昂揚―各対戦相手のアップキープの開始時に、あなたの墓地にあるカードにカード・タイプが合計４種類以上含まれる場合、つぶやく悪鬼はそのプレイヤーに１点のダメージを与える。
　GoldnightCastigator,黄金夜の懲罰者（おうごんやのちょうばつしゃ）,　4,9,　神話レア,　クリーチャー,　２赤赤,飛行、速攻発生源があなたにダメージを与えるなら、代わりに、それはあなたにその点数の２倍のダメージを与える。発生源が黄金夜の懲罰者にダメージを与えるなら、代わりに、それは黄金夜の懲罰者にその点数の２倍のダメージを与える。
　HarnesstheStorm,嵐の活用（あらしのかつよう）,　4,9,　レア,　エンチャント,　２赤,あなたがあなたの手札からインスタント呪文１つかソーサリー呪文１つを唱えるたび、あなたの墓地からその呪文と同じ名前を持つカード１枚を対象とする。あなたはそれを唱えてもよい。（そのコストは支払う必要がある。）
　HowlpackWolf,吠え群れの狼（ほえむれのおおかみ）,　3,3,　コモン,　クリーチャー,　２赤,あなたが他の狼(Wolf)か他の狼男(Werewolf)をコントロールしていないかぎり、吠え群れの狼ではブロックできない。
　HulkingDevil,巨体の悪魔（きょたいのあくま）,　5,2,　コモン,　クリーチャー,　３赤,
　IncorrigibleYouths,手に負えない若輩（てにおえないじゃくはい）,　4,3,　アンコモン,　クリーチャー,　３赤赤,速攻マッドネス(２)(赤)（あなたがこのカードを捨てるなら、これを追放領域に捨てる。あなたがそうしたとき、マッドネス・コストでこれを唱えるか、これをあなたの墓地に置く。）
　InnerStruggle,内面の葛藤（ないめんのかっとう）,　4,3,　アンコモン,　インスタント,　３赤,クリーチャー１体を対象とする。それは自身に、自身のパワーに等しい点数のダメージを与える。
　InsolentNeonate,傲慢な新生子（ごうまんなしんせいし）,　1,1,　コモン,　クリーチャー,　赤,威迫（このクリーチャーは２体以上のクリーチャーによってしかブロックされない。）カードを１枚捨てる 傲慢な新生子を生け贄に捧げる：カードを１枚引く。
　FlameheartWerewolf,炎心の人狼（えんしんのじんろう）,　3,2,　アンコモン,　〔赤〕クリーチャー,　１赤,ケッシグの鍛冶場主がクリーチャー１体をブロックするかクリーチャー１体にブロックされた状態になるたび、ケッシグの鍛冶場主はそのクリーチャーに１点のダメージを与える。各アップキープの開始時に、直前のターンに呪文が唱えられていなかった場合、ケッシグの鍛冶場主を変身させる。炎心の人狼がクリーチャー１体をブロックするかクリーチャー１体にブロックされた状態になるたび、炎心の人狼はそのクリーチャーに２点のダメージを与える。各アップキープの開始時に、直前のターンにプレイヤー１人が２つ以上の呪文を唱えていた場合、炎心の人狼を変身させる。
　LightningAxe,稲妻の斧（いなずまのおの）,　3,2,　アンコモン,　インスタント,　赤,稲妻の斧を唱えるための追加コストとして、カードを１枚捨てるか(５)を支払う。クリーチャー１体を対象とする。稲妻の斧はそれに５点のダメージを与える。
　MadProphet,狂気の預言者（きょうきのよげんしゃ）,　2,2,　アンコモン,　クリーチャー,　３赤,速攻(Ｔ) カードを１枚捨てる：カードを１枚引く。
　MagmaticChasm,溶岩の地割れ（ようがんのじわれ）,　2,2,　コモン,　ソーサリー,　１赤,このターン、飛行を持たないクリーチャーではブロックできない。
　MalevolentWhispers,邪悪な囁き（じゃあくなささやき）,　2,2,　アンコモン,　ソーサリー,　３赤,クリーチャー１体を対象とする。ターン終了時まで、それのコントロールを得る。そのクリーチャーをアンタップする。ターン終了時まで、それは+2/+0の修整を受けるとともに速攻を得る。マッドネス(３)(赤)（あなたがこのカードを捨てるなら、これを追放領域に捨てる。あなたがそうしたとき、マッドネス・コストでこれを唱えるか、これをあなたの墓地に置く。）
　PyreHound,火の猟犬（ひのりょうけん）,　2,3,　コモン,　クリーチャー,　３赤,トランプルあなたがインスタント呪文１つかソーサリー呪文１つを唱えるたび、火の猟犬の上に+1/+1カウンターを１個置く。
　RavenousBloodseeker,貪欲な求血者（どんよくなきゅうけつしゃ）,　1,3,　アンコモン,　クリーチャー,　１赤,カードを１枚捨てる：ターン終了時まで、貪欲な求血者は+2/-2の修整を受ける。
　ReducetoAshes,灰と化す（はいとかす）,　1,3,　コモン,　ソーサリー,　４赤,クリーチャー１体を対象とする。灰と化すはそれに５点のダメージを与える。そのクリーチャーがこのターンに死亡するなら、代わりにそれを追放する。
　RushofAdrenaline,アドレナリン作用（あどれなりんさよう）,　1,3,　コモン,　インスタント,　赤,クリーチャー１体を対象とする。ターン終了時まで、それは+2/+1の修整を受けるとともにトランプルを得る。
　SanguinaryMage,苛虐な魔道士（かぎゃくなまどうし）,　1,3,　コモン,　クリーチャー,　１赤,果敢（あなたがクリーチャーでない呪文を１つ唱えるたび、ターン終了時まで、このクリーチャーは+1/+1の修整を受ける。）
　ScourgeWolf,災いの狼（わざわいのおおかみ）,　2,2,　レア,　クリーチャー,　赤赤,先制攻撃昂揚―あなたの墓地にあるカードにカード・タイプが合計４種類以上含まれるかぎり、災いの狼は二段攻撃を持つ。
　SenselessRage,無差別な怒り（むさべつないかり）,　2,2,　コモン,　エンチャント,　１赤,エンチャント（クリーチャー）エンチャントされているクリーチャーは+2/+2の修整を受ける。マッドネス(１)(赤)（あなたがこのカードを捨てるなら、これを追放領域に捨てる。あなたがそうしたとき、マッドネス・コストでこれを唱えるか、これをあなたの墓地に置く。）
　SinProdder,罪を誘うもの（つみをさそうもの）,　3,2,　レア,　クリーチャー,　２赤,威迫あなたのアップキープの開始時に、あなたのライブラリーの一番上のカードを公開する。どの対戦相手も「あなたはそのカードをあなたの墓地に置く。」を選んでもよい。あるプレイヤーがそうしたなら、罪を誘うものはそのプレイヤーにそのカードの点数で見たマナ・コストに等しい点数のダメージを与える。誰もそうしないなら、そのカードをあなたの手札に加える。
　SkinShedder,皮膚から抜け出たもの（ひふからぬけでたもの）,　3,4,　アンコモン,　〔赤〕クリーチャー,　赤,エンチャント（クリーチャー）各戦闘で、エンチャントされているクリーチャーは可能なら攻撃する。エンチャントされているクリーチャーが死亡したとき、皮膚への侵入を変身させた状態であなたのコントロール下で戦場に戻す。
　SpitefulMotives,悪意ある動機（あくいあるどうき）,　3,4,　アンコモン,　エンチャント,　３赤,瞬速（あなたはこの呪文を、あなたがインスタントを唱えられるときならいつでも唱えてよい。）エンチャント（クリーチャー）エンチャントされているクリーチャーは+3/+0の修整を受けるとともに先制攻撃を持つ。
　StensiaMasquerade,ステンシア仮面舞踏会（すてんしあかめんぶとうかい）,　3,4,　アンコモン,　エンチャント,　２赤,あなたがコントロールする攻撃クリーチャーは先制攻撃を持つ。あなたがコントロールする吸血鬼(Vampire)１体がプレイヤー１人に戦闘ダメージを与えるたび、それの上に+1/+1カウンターを１個置く。マッドネス(２)(赤)（あなたがこのカードを捨てるなら、これを追放領域に捨てる。あなたがそうしたとき、マッドネス・コストでこれを唱えるか、これをあなたの墓地に置く。）
　StructuralDistortion,構造のひずみ（こうぞうのひずみ）,　3,4,　コモン,　ソーサリー,　３赤,アーティファクト１つか土地１つを対象とし、それを追放する。構造のひずみはそのパーマネントのコントローラーに２点のダメージを与える。
　TormentingVoice,苦しめる声（くるしめるこえ）,　3,4,　コモン,　ソーサリー,　１赤,苦しめる声を唱えるための追加コストとしてカードを１枚捨てる。カードを２枚引く。
　Ulrich'sKindred,ウルリッチの同族（うるりっちのどうぞく）,　3,2,　アンコモン,　クリーチャー,　２赤,トランプル(３)(緑)：攻撃している、狼(Wolf)１体か狼男(Werewolf)１体を対象とする。ターン終了時まで、それは破壊不能を得る。
　UncagedFury,放たれた怒り（はなたれたいかり）,　3,2,　コモン,　インスタント,　２赤,クリーチャー１体を対象とする。ターン終了時まで、それは+1/+1の修整を受けるとともに二段攻撃を得る。（それは先制攻撃と通常の戦闘ダメージの両方を与える。）
　VesselofVolatility,突沸の器（とっぷつのうつわ）,　3,2,　コモン,　エンチャント,　１赤,(１)(赤) 突沸の器を生け贄に捧げる：あなたのマナ・プールに(赤)(赤)(赤)(赤)を加える。
　MoonriseIntruder,月の出の侵入者（つきのでのしんにゅうしゃ）,　2,2,　アンコモン,　〔赤〕クリーチャー,　赤,速攻各アップキープの開始時に、直前のターンに呪文が唱えられていなかった場合、村の伝書士を変身させる。威迫（このクリーチャーは２体以上のクリーチャーによってしかブロックされない。）各アップキープの開始時に、直前のターンにプレイヤー１人が２つ以上の呪文を唱えていた場合、月の出の侵入者を変身させる。
　VoldarenDuelist,ヴォルダーレンの決闘者（う゛ぉるだーれんのけっとうしゃ）,　3,2,　コモン,　クリーチャー,　３赤,速攻ヴォルダーレンの決闘者が戦場に出たとき、クリーチャー１体を対象とする。このターン、それではブロックできない。
　WolfofDevil'sBreach,悪魔の棲家の狼（あくまのすみかのおおかみ）,　5,5,　神話レア,　クリーチャー,　３赤赤,悪魔の棲家の狼が攻撃するたび、クリーチャー１体かプレインズウォーカー１体を対象とする。あなたは(１)(赤)を支払うとともにカードを１枚捨ててもよい。そうしたなら、悪魔の棲家の狼はそれに、捨てたカードの点数で見たマナ・コストに等しい点数のダメージを与える。
　AimHigh,狙いは高く（ねらいはたかく）,　5,5,　コモン,　インスタント,　１緑,クリーチャー１体を対象とし、それをアンタップする。ターン終了時まで、それは+2/+2の修整を受けるとともに到達を得る。（それは飛行を持つクリーチャーをブロックできる。）
　AncientoftheEquinox,秋分の古きもの（しゅうぶんのふるきもの）,　4,4,　アンコモン,　〔緑〕クリーチャー,　２緑,(黒)：あなたのライブラリーの一番上のカードをあなたの墓地に置く。昂揚―あなたの終了ステップの開始時に、あなたの墓地にあるカードにカード・タイプが合計４種類以上含まれる場合、秋の憂鬱を変身させる。トランプル、呪禁
　BriarbridgePatrol,茨橋の巡回兵（いばらばしのじゅんかいへい）,　3,3,　アンコモン,　クリーチャー,　３緑,茨橋の巡回兵がクリーチャー１体以上にダメージを与えるたび、調査を行う。（「(２) このアーティファクトを生け贄に捧げる：カードを１枚引く。」を持つ無色の手掛かり(Clue)アーティファクト・トークンを１つ戦場に出す。）各終了ステップの開始時に、あなたがこのターンに手掛かりを３つ以上生け贄に捧げていた場合、あなたはあなたの手札からクリーチャー・カードを１枚戦場に出してもよい。
　BywayCourier,裏道の急使（うらみちのきゅうし）,　3,2,　コモン,　クリーチャー,　２緑,裏道の急使が死亡したとき、調査を行う。（「(２) このアーティファクトを生け贄に捧げる：カードを１枚引く。」を持つ無色の手掛かり(Clue)アーティファクト・トークンを１つ戦場に出す。）
　ClipWings,翼切り（つばさきり）,　3,2,　コモン,　インスタント,　１緑,各対戦相手はそれぞれ、飛行を持つクリーチャー１体を生け贄に捧げる。
　ConfronttheUnknown,未知との対決（みちとのたいけつ）,　3,2,　コモン,　インスタント,　緑,クリーチャー１体を対象とする。調査を行う。その後、ターン終了時まで、そのクリーチャーはあなたがコントロールする手掛かり(Clue)１つにつき+1/+1の修整を受ける。（調査を行うとは、「(２) このアーティファクトを生け贄に捧げる：カードを１枚引く。」を持つ無色の手掛かりアーティファクト・トークンを１つ戦場に出すことである。）
　CrawlingSensation,蟻走感（ぎそうかん）,　3,2,　アンコモン,　エンチャント,　２緑,あなたのアップキープの開始時に、あなたは「あなたのライブラリーの一番上から２枚のカードをあなたの墓地に置く。」ことを選んでもよい。各ターンに最初に１枚以上の土地カードがいずれかの領域からあなたの墓地に置かれるたび、緑の1/1の昆虫(Insect)クリーチャー・トークンを１体戦場に出す。
　CryptolithRite,謎の石の儀式（なぞのいしのぎしき）,　3,2,　レア,　エンチャント,　１緑,あなたがコントロールするクリーチャーは「(Ｔ)：あなたのマナ・プールに、好きな色１色のマナ１点を加える。」を持つ。
　CultoftheWaxingMoon,上弦の月の教団（じょうげんのつきのきょうだん）,　5,4,　アンコモン,　クリーチャー,　４緑,あなたがコントロールするパーマネント１つが人間(Human)でないクリーチャーに変身するたび、緑の2/2の狼(Wolf)クリーチャー・トークンを１体戦場に出す。
　DeathcapCultivator,死天狗茸の栽培者（してんぐだけのさいばいしゃ）,　2,1,　レア,　クリーチャー,　１緑,(Ｔ)：あなたのマナ・プールに(黒)か(緑)を加える。昂揚―あなたの墓地にあるカードにカード・タイプが合計４種類以上含まれるかぎり、死天狗茸の栽培者は接死を持つ。
　KrallenhordeHowler,爪の群れの咆哮者（つめのむれのほうこうしゃ）,　3,3,　アンコモン,　〔緑〕クリーチャー,　１緑,(２)(緑)：あなたのライブラリーの一番上から３枚のカードを見る。あなたはその中からクリーチャー・カードを１枚公開してあなたの手札に加えてもよい。残りをあなたのライブラリーの一番下に望む順番で置く。各アップキープの開始時に、直前のターンに呪文が唱えられていなかった場合、薄暮見の徴募兵を変身させる。あなたがクリーチャー呪文を唱えるためのコストは(１)少なくなる。各アップキープの開始時に、直前のターンにプレイヤー１人が２つ以上の呪文を唱えていた場合、爪の群れの咆哮者を変身させる。
　EquestrianSkill,乗馬術（じょうばじゅつ）,　3,3,　コモン,　エンチャント,　３緑,エンチャント（クリーチャー）エンチャントされているクリーチャーは+3/+3の修整を受ける。エンチャントされているクリーチャーが人間(Human)であるかぎり、それはトランプルを持つ。
　ForkintheRoad,分かれ道（わかれみち）,　3,3,　コモン,　ソーサリー,　１緑,あなたのライブラリーから基本土地カードを最大２枚まで探し、それらを公開する。そのうち１枚をあなたの手札に加え、もう１枚をあなたの墓地に置く。その後、あなたのライブラリーを切り直す。
　Gloomwidow,鬱後家蜘蛛（うつごけぐも）,　3,3,　アンコモン,　クリーチャー,　２緑,到達鬱後家蜘蛛は、飛行を持つクリーチャーのみをブロックできる。
　GrafMole,墓モグラ（はかもぐら）,　2,4,　アンコモン,　クリーチャー,　２緑,あなたが手掛かり(Clue)を１つ生け贄に捧げるたび、あなたは３点のライフを得る。
　Groundskeeper,土地守（とちもり）,　1,1,　アンコモン,　クリーチャー,　緑,(１)(緑)：あなたの墓地にある基本土地カード１枚を対象とし、それをあなたの手札に戻す。
　LoneWolfoftheNatterknolls,ナッターノールズの一匹狼（なったーのーるずのいっぴきおおかみ）,　3,5,　アンコモン,　〔緑〕クリーチャー,　２緑,対戦相手があなたのターンに呪文を１つ唱えるたび、カードを１枚引く。各アップキープの開始時に、直前のターンに呪文が唱えられていなかった場合、ナッターノールズの隠遁者を変身させる。対戦相手があなたのターンに呪文を１つ唱えるたび、カードを２枚引く。各アップキープの開始時に、直前のターンにプレイヤー１人が２つ以上の呪文を唱えていた場合、ナッターノールズの一匹狼を変身させる。
　TimberShredder,森林を切り裂くもの（しんりんをきりさくもの）,　4,2,　コモン,　〔緑〕クリーチャー,　１緑,各アップキープの開始時に、直前のターンに呪文が唱えられていなかった場合、内陸の木こりを変身させる。トランプル各アップキープの開始時に、直前のターンにプレイヤー１人が２つ以上の呪文を唱えていた場合、森林を切り裂くものを変身させる。
　HowlpackResurgence,吠え群れの復活（ほえむれのふっかつ）,　4,2,　アンコモン,　エンチャント,　２緑,瞬速（あなたはこの呪文を、あなたがインスタントを唱えられるときならいつでも唱えてよい。）あなたがコントロールする狼(Wolf)か狼男(Werewolf)である各クリーチャーは+1/+1の修整を受けるとともにトランプルを持つ。
　InexorableBlob,容赦無い泥塊（ようしゃないでいかい）,　3,3,　レア,　クリーチャー,　２緑,昂揚―容赦無い泥塊が攻撃するたび、あなたの墓地にあるカードにカード・タイプが合計４種類以上含まれる場合、緑の3/3のウーズ(Ooze)・クリーチャー・トークンを１体タップ状態で攻撃している状態で戦場に出す。
　IntrepidProvisioner,剛胆な補給兵（ごうたんなほきゅうへい）,　3,3,　コモン,　クリーチャー,　３緑,トランプル剛胆な補給兵が戦場に出たとき、あなたがコントロールする他の人間(Human)１体を対象とする。ターン終了時まで、それは+2/+2の修整を受ける。
　KessigDireSwine,ケッシグの不吉な豚（けっしぐのふきつなぶた）,　6,6,　コモン,　クリーチャー,　４緑緑,昂揚―あなたの墓地にあるカードにカード・タイプが合計４種類以上含まれるかぎり、ケッシグの不吉な豚はトランプルを持つ。
　LambholtButcher,ラムホルトの解体者（らむほるとのかいたいしゃ）,　4,4,　アンコモン,　〔緑〕クリーチャー,　１緑,あなたがパワーが４以上のクリーチャーをコントロールしていないかぎり、ラムホルトの平和主義者では攻撃できない。各アップキープの開始時に、直前のターンに呪文が唱えられていなかった場合、ラムホルトの平和主義者を変身させる。各アップキープの開始時に、直前のターンにプレイヤー１人が２つ以上の呪文を唱えていた場合、ラムホルトの解体者を変身させる。
　LoamDryad,壌土のドライアド（じょうどのどらいあど）,　1,2,　コモン,　クリーチャー,　緑,(Ｔ) あなたがコントロールするアンタップ状態のクリーチャー１体をタップする：あなたのマナ・プールに好きな色１色のマナ１点を加える。
　MightBeyondReason,道理を超えた力（どうりをこえたちから）,　1,2,　コモン,　インスタント,　３緑,クリーチャー１体を対象とし、それの上に+1/+1カウンターを２個置く。昂揚―あなたの墓地にあるカードにカード・タイプが合計４種類以上含まれるなら、代わりに、そのクリーチャーの上に+1/+1カウンターを３個置く。
　MoldgrafScavenger,黴墓のゴミあさり（ばいぼのごみあさり）,　0,4,　コモン,　クリーチャー,　１緑,昂揚―あなたの墓地にあるカードにカード・タイプが合計４種類以上含まれるかぎり、黴墓のゴミあさりは+3/+0の修整を受ける。
　MoonlightHunt,月夜の狩り（つきよのかり）,　0,4,　アンコモン,　インスタント,　１緑,あなたがコントロールしていないクリーチャー１体を対象とする。あなたがコントロールする、狼(Wolf)か狼男(Werewolf)である各クリーチャーは、それぞれ自身のパワーに等しい点数のダメージをそのクリーチャーに与える。
　ObsessiveSkinner,偏執的な皮剥ぎ人（へんしつてきなかわはぎにん）,　1,1,　アンコモン,　クリーチャー,　１緑,偏執的な皮剥ぎ人が戦場に出たとき、クリーチャー１体を対象とし、それの上に+1/+1カウンターを１個置く。昂揚―各対戦相手のアップキープの開始時に、あなたの墓地にあるカードにカード・タイプが合計４種類以上含まれる場合、クリーチャー１体を対象とし、それの上に+1/+1カウンターを１個置く。
　PackGuardian,群れの守護獣（むれのしゅごじゅう）,　4,3,　アンコモン,　クリーチャー,　２緑緑,瞬速（あなたはこの呪文を、あなたがインスタントを唱えられるときならいつでも唱えてよい。）群れの守護獣が戦場に出たとき、あなたは土地カード１枚を捨ててもよい。そうしたなら、緑の2/2の狼(Wolf)クリーチャー・トークンを１体戦場に出す。
　QuilledWolf,針毛の狼（はりげのおおかみ）,　2,2,　コモン,　クリーチャー,　１緑,(５)(緑)：ターン終了時まで、針毛の狼は+4/+4の修整を受ける。
　RabidBite,狂気の一咬み（きょうきのひとかみ）,　2,2,　コモン,　ソーサリー,　１緑,あなたがコントロールするクリーチャー１体と、あなたがコントロールしていないクリーチャー１体を対象とする。その前者はその後者に、自身のパワーに等しい点数のダメージを与える。
　RootOut,根から絶つ（ねからたつ）,　2,2,　コモン,　ソーサリー,　２緑,アーティファクト１つかエンチャント１つを対象とし、それを破壊する。調査を行う。（「(２) このアーティファクトを生け贄に捧げる：カードを１枚引く。」を持つ無色の手掛かり(Clue)アーティファクト・トークンを１つ戦場に出す。）
　WerewolfofAncientHunger,古き飢えの人狼（ふるきうえのじんろう）,　*,*,　レア,　〔緑〕クリーチャー,　４緑,古き知恵の賢者のパワーとタフネスはそれぞれ、あなたの手札にあるカードの総数に等しい。古き知恵の賢者が戦場に出たとき、カードを１枚引く。各アップキープの開始時に、直前のターンに呪文が唱えられていなかった場合、古き知恵の賢者を変身させる。警戒、トランプル古き飢えの人狼のパワーとタフネスはそれぞれ、すべてのプレイヤーの手札にあるカードの総数の合計に等しい。各アップキープの開始時に、直前のターンにプレイヤー１人が２つ以上の呪文を唱えていた場合、古き飢えの人狼を変身させる。
　SeasonsPast,過ぎ去った季節（すぎさったきせつ）,　*,*,　神話レア,　ソーサリー,　４緑緑,あなたの墓地から点数で見たマナ・コストが互いに異なるカードを望む枚数あなたの手札に戻す。過ぎ去った季節をオーナーのライブラリーの一番下に置く。
　SecondHarvest,再度の収穫（さいどのしゅうかく）,　*,*,　レア,　インスタント,　２緑緑,あなたがコントロールするトークン１つにつき、そのパーマネントのコピーであるトークンを１つ戦場に出す。
　SilverfurPartisan,銀毛の援護者（ぎんげのえんごしゃ）,　2,2,　レア,　クリーチャー,　２緑,トランプルあなたがコントロールする、狼(Wolf)１体か狼男(Werewolf)１体が、インスタント呪文かソーサリー呪文の対象になるたび、緑の2/2の狼クリーチャー・トークンを１体戦場に出す。
　OneofthePack,群れの一員（むれのいちいん）,　5,6,　コモン,　〔緑〕クリーチャー,　３緑,各アップキープの開始時に、直前のターンに呪文が唱えられていなかった場合、孤独な狩人を変身させる。各アップキープの開始時に、直前のターンにプレイヤー１人が２つ以上の呪文を唱えていた場合、群れの一員を変身させる。
　SoulSwallower,魂を飲み込むもの（たましいをのみこむもの）,　3,3,　レア,　クリーチャー,　２緑緑,トランプル昂揚―あなたのアップキープの開始時に、あなたの墓地にあるカードにカード・タイプが合計４種類以上含まれる場合、魂を飲み込むものの上に+1/+1カウンターを３個置く。
　StoicBuilder,冷静な建築家（れいせいなけんちくか）,　2,3,　コモン,　クリーチャー,　２緑,冷静な建築家が戦場に出たとき、あなたの墓地の土地カード１枚を対象とする。あなたはそれをあなたの手札に戻してもよい。
　ThornhideWolves,茨隠れの狼（いばらかくれのおおかみ）,　4,5,　コモン,　クリーチャー,　４緑,
　TirelessTracker,不屈の追跡者（ふくつのついせきしゃ）,　3,2,　レア,　クリーチャー,　２緑,土地が１つあなたのコントロール下で戦場に出るたび、調査を行う。（「(２) このアーティファクトを生け贄に捧げる：カードを１枚引く。」を持つ無色の手掛かり(Clue)アーティファクト・トークンを１つ戦場に出す。）あなたが手掛かりを１つ生け贄に捧げるたび、不屈の追跡者の上に+1/+1カウンターを１個置く。
　TraversetheUlvenwald,ウルヴェンワルド横断（うるう゛ぇんわるどおうだん）,　3,2,　レア,　ソーサリー,　緑,あなたのライブラリーから基本土地カード１枚を探し、それを公開してあなたの手札に加え、その後あなたのライブラリーを切り直す。昂揚―あなたの墓地にあるカードにカード・タイプが合計４種類以上含まれるなら、代わりにあなたのライブラリーからクリーチャー・カード１枚か土地カード１枚を探し、それを公開してあなたの手札に加え、その後あなたのライブラリーを切り直す。
　UlvenwaldHydra,ウルヴェンワルドのハイドラ（うるう゛ぇんわるどのはいどら）,　*,*,　神話レア,　クリーチャー,　４緑緑,到達ウルヴェンワルドのハイドラのパワーとタフネスは、それぞれあなたがコントロールする土地の総数に等しい。ウルヴェンワルドのハイドラが戦場に出たとき、あなたはあなたのライブラリーから土地カード１枚を探してもよい。そうしたなら、それをタップ状態で戦場に出し、その後あなたのライブラリーを切り直す。
　UlvenwaldMysteries,ウルヴェンワルドの謎（うるう゛ぇんわるどのなぞ）,　*,*,　アンコモン,　エンチャント,　２緑,あなたがコントロールするトークンでないクリーチャーが１体死亡するたび、調査を行う。（「(２) このアーティファクトを生け贄に捧げる：カードを１枚引く。」を持つ無色の手掛かり(Clue)アーティファクト・トークンを１つ戦場に出す。）あなたが手掛かりを１つ生け贄に捧げるたび、白の1/1の人間(Human)・兵士(Soldier)クリーチャー・トークンを１体戦場に出す。
　VesselofNascency,発生の器（はっせいのうつわ）,　*,*,　コモン,　エンチャント,　緑,(１)(緑) 発生の器を生け贄に捧げる：あなたのライブラリーの一番上から４枚のカードを公開する。あなたは、その中からアーティファクト・カード１枚かクリーチャー・カード１枚かエンチャント・カード１枚か土地カード１枚かプレインズウォーカー・カード１枚をあなたの手札に加えてもよい。残りをあなたの墓地に置く。
　VeteranCathar,古参の聖戦士（こざんのせいせんし）,　2,2,　アンコモン,　クリーチャー,　１緑,(３)(白)：人間(Human)１体を対象とする。ターン終了時まで、それは二段攻撃を得る。
　WatcherintheWeb,巣網から見張るもの（すあみからみはるもの）,　2,5,　コモン,　クリーチャー,　４緑,到達（このクリーチャーは飛行を持つクリーチャーをブロックできる。）各戦闘で、巣網から見張るものは追加で７体のクリーチャーをブロックできる。
　WeirdingWood,奇妙な森（きみょうなもり）,　2,5,　アンコモン,　エンチャント,　２緑,エンチャント（土地）奇妙な森が戦場に出たとき、調査を行う。（「(２) このアーティファクトを生け贄に捧げる：カードを１枚引く。」を持つ無色の手掛かり(Clue)アーティファクト・トークンを１つ戦場に出す。）エンチャントされている土地は「(Ｔ)：あなたのマナ・プールに、好きな色１色のマナ２点を加える。」を持つ。
　AlteredEgo,もう一人の自分（もうひとりのじぶん）,　0,0,　レア,　クリーチャー,　Ｘ２緑青,もう一人の自分は打ち消されない。あなたはもう一人の自分を、追加の+1/+1カウンターがＸ個置かれた状態で戦場に出ることを除いて、戦場に出ているクリーチャー１体のコピーとして戦場に出してもよい。
　AnguishedUnmaking,苦渋の破棄（くじゅうのはき）,　0,0,　レア,　インスタント,　１白黒,土地でないパーマネント１つを対象とし、それを追放する。あなたは３点のライフを失う。
　Arlinn EmbracedbytheMoon,月の抱擁、アーリン（つきのほうようあーりん）,　0,0,　神話レア,　〔赤/緑〕プレインズウォーカー,　２赤緑,[+1]：クリーチャーを最大１体まで対象とする。ターン終了時まで、それは+2/+2の修整を受けるとともに警戒と速攻を得る。[0]：緑の2/2の狼(Wolf)クリーチャー・トークンを１体戦場に出す。アーリン・コードを変身させる。　忠誠度：3[+1]：ターン終了時まで、あなたがコントロールするクリーチャーは+1/+1の修整を受けるとともにトランプルを得る。[-1]：クリーチャー１体かプレイヤー１人を対象とする。月の抱擁、アーリンはそれに３点のダメージを与える。月の抱擁、アーリンを変身させる。[-6]：あなたは「あなたがコントロールするクリーチャーは、速攻と『(Ｔ)：クリーチャー１体かプレイヤー１人を対象とする。このクリーチャーはそれに自身のパワーに等しい点数のダメージを与える。』を持つ。」を持つ紋章を得る。
　FeveredVisions,熱病の幻視（ねつびょうのげんし）,　0,0,　レア,　エンチャント,　１青赤,各プレイヤーの終了ステップの開始時に、そのプレイヤーはカードを１枚引く。そのプレイヤーがあなたの対戦相手であり、そのプレイヤーの手札にカードが４枚以上あるなら、熱病の幻視はそのプレイヤーに２点のダメージを与える。
　TheGitrogMonster,ギトラグの怪物（ぎとらぐのかいぶつ）,　6,6,　神話レア,　伝説のクリーチャー,　３黒緑,接死あなたのアップキープの開始時に、あなたが土地１つを生け贄に捧げないかぎり、ギトラグの怪物を生け贄に捧げる。あなたの各ターンに、あなたは追加の土地を１つプレイしてもよい。１枚以上の土地カードがいずれかの領域からあなたの墓地に置かれるたび、カードを１枚引く。
　InvocationofSaintTraft,聖トラフトの祈祷（せいとらふとのきとう）,　6,6,　レア,　エンチャント,　１白青,エンチャント（クリーチャー）エンチャントされているクリーチャーは「このクリーチャーが攻撃するたび、飛行を持つ白の4/4の天使(Angel)クリーチャー・トークンを１体タップ状態で攻撃している状態で戦場に出す。戦闘終了時にそのトークンを追放する。」を持つ。
　Nahiri theHarbinger,先駆ける者、ナヒリ（さきがけるものなひり）,　6,6,　神話レア,　プレインズウォーカー,　２赤白,[+2]：あなたはカードを１枚捨ててもよい。そうしたなら、カードを１枚引く。[-2]：エンチャント１つかタップ状態のアーティファクト１つかタップ状態のクリーチャー１体を対象とし、それを追放する。[-8]：あなたのライブラリーからアーティファクト・カード１枚かクリーチャー・カード１枚を探し、それを戦場に出し、その後あなたのライブラリーを切り直す。それは速攻を得る。次の終了ステップの開始時に、それをあなたの手札に戻す。　忠誠度：4
　Olivia MobilizedforWar,戦争に向かう者、オリヴィア（せんそうにむかうものおりう゛ぃあ）,　3,3,　神話レア,　伝説のクリーチャー,　１黒赤,飛行他のクリーチャーが１体あなたのコントロール下で戦場に出るたび、あなたはカードを１枚捨ててもよい。そうしたなら、そのクリーチャーの上に+1/+1カウンターを１個置く。ターン終了時まで、それは速攻を得る。それは他のタイプに加えて吸血鬼(Vampire)になる。
　PrizedAmalgam,秘蔵の縫合体（ひぞうのほうごうたい）,　3,3,　レア,　クリーチャー,　１青黒,クリーチャーが１体戦場に出るたび、それがあなたの墓地から戦場に出たかあなたがそれをあなたの墓地から唱えていた場合、次の終了ステップの開始時に、あなたの墓地から秘蔵の縫合体をタップ状態で戦場に戻す。
　Sigarda Heron'sGrace,優雅な鷺、シガルダ（ゆうがなさぎしがるだ）,　4,5,　神話レア,　伝説のクリーチャー,　３緑白,飛行あなたとあなたがコントロールする人間(Human)は呪禁を持つ。(２) あなたの墓地からカードを１枚追放する：白の1/1の人間・兵士(Soldier)クリーチャー・トークンを１体戦場に出す。
　Sorin GrimNemesis,死の宿敵、ソリン（しのしゅくてきそりん）,　4,5,　神話レア,　プレインズウォーカー,　４白黒,[+1]：あなたのライブラリーの一番上のカードを公開し、そのカードをあなたの手札に加える。各対戦相手はそれぞれ、それの点数で見たマナ・コストに等しい点数のライフを失う。[-X]：クリーチャー１体かプレインズウォーカー１体を対象とする。死の宿敵、ソリンはそれにＸ点のダメージを与え、あなたはＸ点のライフを得る。[-9]：すべてのプレイヤーの中で最も多いライフの総量に等しい数の、絆魂を持つ黒の1/1の吸血鬼(Vampire)・騎士(Knight)クリーチャー・トークンを戦場に出す。　忠誠度：6
　BraininaJar,瓶詰め脳（びんづめのう）,　4,5,　レア,　アーティファクト,　２,(１) (Ｔ)：瓶詰め脳の上に蓄積(charge)カウンターを１個置く。その後あなたは、点数で見たマナ・コストが瓶詰め脳の上に置かれている蓄積カウンターの総数に等しいインスタント・カード１枚かソーサリー・カード１枚を、あなたの手札からそのマナ・コストを支払うことなく唱えてもよい。(３) (Ｔ) 瓶詰め脳から蓄積カウンターをＸ個取り除く：占術Ｘを行う。
　CorruptedGrafstone,崩れた墓石（くずれたぼせき）,　4,5,　レア,　アーティファクト,　２,崩れた墓石はタップ状態で戦場に出る。(Ｔ)：あなたの墓地にあるカードの色を１色選ぶ。あなたのマナ・プールに、その色のマナ１点を加える。
　EpitaphGolem,墓碑のゴーレム（ぼひのごーれむ）,　3,5,　アンコモン,　アーティファクト・クリーチャー,　５,(２)：あなたの墓地のカード１枚を対象とし、それをあなたのライブラリーの一番下に置く。
　ExplosiveApparatus,爆発性の機器（ばくはつせいのきき）,　3,5,　コモン,　アーティファクト,　１,(３) (Ｔ) 爆発性の機器を生け贄に捧げる：クリーチャー１体かプレイヤー１人を対象とする。爆発性の機器はそれに２点のダメージを与える。
　ScroungedScythe,拾った大鎌（ひろったおおかま）,　2,2,　アンコモン,　アーティファクト,　３,収穫の手が死亡したとき、これを変身させた状態であなたのコントロール下で戦場に戻す。装備しているクリーチャーは+1/+1の修整を受ける。装備しているクリーチャーが人間(Human)であるかぎり、それは威迫を持つ。（それは２体以上のクリーチャーによってしかブロックされない。）装備(２)
　HauntedCloak,憑依の外套（ひょういのがいとう）,　2,2,　アンコモン,　アーティファクト,　３,装備しているクリーチャーは警戒とトランプルと速攻を持つ。装備(１)
　MagnifyingGlass,拡大鏡（かくだいきょう）,　2,2,　アンコモン,　アーティファクト,　３,(Ｔ)：あなたのマナ・プールに(◇)を加える。(４) (Ｔ)：調査を行う。（「(２) このアーティファクトを生け贄に捧げる：カードを１枚引く。」を持つ無色の手掛かり(Clue)アーティファクト・トークンを１つ戦場に出す。）
　Murderer'sAxe,殺人者の斧（さつじんしゃのおの）,　2,2,　アンコモン,　アーティファクト,　４,装備しているクリーチャーは+2/+2の修整を受ける。装備―カードを１枚捨てる。
　AshmouthBlade,灰口の刃（はいぐちのやいば）,　2,2,　アンコモン,　アーティファクト,　１,装備しているクリーチャーは+1/+1の修整を受ける。装備しているクリーチャーが変身したとき、忘れられていた家宝を変身させる。装備(１)装備しているクリーチャーは+3/+3の修整を受けるとともに先制攻撃を持つ。装備(３)
　RunawayCarriage,遁走する馬車（とんそうするばしゃ）,　5,6,　アンコモン,　アーティファクト・クリーチャー,　４,トランプル遁走する馬車が攻撃するかブロックするかしたとき、戦闘終了時に、これを生け贄に捧げる。
　ShardofBrokenGlass,ガラスの破片（がらすのはへん）,　5,6,　コモン,　アーティファクト,　１,装備しているクリーチャーは+1/+0の修整を受ける。装備しているクリーチャーが攻撃するたび、あなたはあなたのライブラリーの一番上から２枚のカードをあなたの墓地に置いてもよい。装備(１)（(１)：あなたがコントロールするクリーチャー１体を対象とし、それにつける。装備はソーサリーとしてのみ行う。）
　SkeletonKey,合鍵（あいかぎ）,　5,6,　アンコモン,　アーティファクト,　１,装備しているクリーチャーは潜伏を持つ。（それは、自身より大きなパワーを持つクリーチャーによってはブロックされない。）装備しているクリーチャーがプレイヤー１人に戦闘ダメージを与えるたび、あなたはカードを１枚引いてもよい。そうしたなら、カードを１枚捨てる。装備(２)
　Slayer'sPlate,処刑者の板金鎧（しょけいしゃのばんきんよろい）,　5,6,　レア,　アーティファクト,　３,装備しているクリーチャーは+4/+2の修整を受ける。装備しているクリーチャーが死亡するたび、それが人間(Human)だった場合、飛行を持つ白の1/1のスピリット(Spirit)・クリーチャー・トークンを１体戦場に出す。装備(３)
　Tamiyo'sJournal,タミヨウの日誌（たみようのにっし）,　5,6,　レア,　伝説のアーティファクト,　５,あなたのアップキープの開始時に、調査を行う。（「(２) このアーティファクトを生け贄に捧げる：カードを１枚引く。」を持つ無色の手掛かり(Clue)アーティファクト・トークンを１つ戦場に出す。）(Ｔ) 手掛かりを３つ生け贄に捧げる：あなたのライブラリーからカードを１枚探し、それをあなたの手札に加える。その後、あなたのライブラリーを切り直す。
　StonewingAntagonizer,石翼の反目者（せきよくのはんもくしゃ）,　4,2,　アンコモン,　アーティファクト・クリーチャー,　１,防衛(６)：スレイベンのガーゴイルを変身させる。飛行
　True-FaithCenser,信条の香炉（しんじょうのこうろ）,　4,2,　コモン,　アーティファクト,　２,装備しているクリーチャーは+1/+1の修整を受けるとともに警戒を持つ。装備しているクリーチャーが人間(Human)であるかぎり、それは追加で+1/+0の修整を受ける。装備(２)（(２)：あなたがコントロールするクリーチャー１体を対象とし、それにつける。装備はソーサリーとしてのみ行う。）
　WickerWitch,枝細工の魔女（えだざいくのまじょ）,　3,1,　コモン,　アーティファクト・クリーチャー,　３,
　Wild-FieldScarecrow,荒原のカカシ（こうげんのかかし）,　1,4,　アンコモン,　アーティファクト・クリーチャー,　３,防衛(２) 荒原のカカシを生け贄に捧げる：あなたのライブラリーから基本土地カードを最大２枚まで探し、それらを公開してあなたの手札に加える。その後、あなたのライブラリーを切り直す。
　ChokedEstuary,詰まった河口（つまったかこう）,　1,4,　レア,　土地,　３,詰まった河口が戦場に出るに際し、あなたはあなたの手札から島(Island)カード１枚か沼(Swamp)カード１枚を公開してもよい。そうしないなら、詰まった河口はタップ状態で戦場に出る。(Ｔ)：あなたのマナ・プールに(青)か(黒)を加える。
　DrownyardTemple,溺墓の寺院（できぼのじいん）,　1,4,　レア,　土地,　３,(Ｔ)：あなたのマナ・プールに(◇)を加える。(３)：あなたの墓地から溺墓の寺院をタップ状態で戦場に戻す。
　ForebodingRuins,凶兆の廃墟（きょうちょうのはいきょ）,　1,4,　レア,　土地,　３,凶兆の廃墟が戦場に出るに際し、あなたはあなたの手札から沼(Swamp)カード１枚か山(Mountain)カード１枚を公開してもよい。そうしないなら、凶兆の廃墟はタップ状態で戦場に出る。(Ｔ)：あなたのマナ・プールに(黒)か(赤)を加える。
　ForsakenSanctuary,放棄された聖域（ほうきされたせいいき）,　1,4,　アンコモン,　土地,　３,放棄された聖域はタップ状態で戦場に出る。(Ｔ)：あなたのマナ・プールに(白)か(黒)を加える。
　FortifiedVillage,要塞化した村（ようさいかしたむら）,　1,4,　レア,　土地,　３,要塞化した村が戦場に出るに際し、あなたはあなたの手札から森(Forest)カード１枚か平地(Plains)カード１枚を公開してもよい。そうしないなら、要塞化した村はタップ状態で戦場に出る。(Ｔ)：あなたのマナ・プールに(緑)か(白)を加える。
　FoulOrchard,穢れた果樹園（けがれたかじゅえん）,　1,4,　アンコモン,　土地,　３,穢れた果樹園はタップ状態で戦場に出る。(Ｔ)：あなたのマナ・プールに(黒)か(緑)を加える。
　GameTrail,獲物道（えものみち）,　1,4,　レア,　土地,　３,獲物道が戦場に出るに際し、あなたはあなたの手札から山(Mountain)カード１枚か森(Forest)カード１枚を公開してもよい。そうしないなら、獲物道はタップ状態で戦場に出る。(Ｔ)：あなたのマナ・プールに(赤)か(緑)を加える。
　HighlandLake,高地の湖（こうちのみずうみ）,　1,4,　アンコモン,　土地,　３,高地の湖はタップ状態で戦場に出る。(Ｔ)：あなたのマナ・プールに(青)か(赤)を加える。
　PortTown,港町（みなとまち）,　1,4,　レア,　土地,　３,港町が戦場に出るに際し、あなたはあなたの手札から平地(Plains)カード１枚か島(Island)カード１枚を公開してもよい。そうしないなら、港町はタップ状態で戦場に出る。(Ｔ)：あなたのマナ・プールに(白)か(青)を加える。
　StoneQuarry,採石場（さいせきじょう）,　1,4,　アンコモン,　土地,　３,採石場はタップ状態で戦場に出る。(Ｔ)：あなたのマナ・プールに(赤)か(白)を加える。
　WarpedLandscape,ねじれ地帯（ねじれちたい）,　1,4,　コモン,　土地,　３,(Ｔ)：あなたのマナ・プールに(◇)を加える。(２) (Ｔ) ねじれ地帯を生け贄に捧げる：あなたのライブラリーから基本土地カード１枚を探し、それをタップ状態で戦場に出す。その後、あなたのライブラリーを切り直す。
　Ormendahl ProfanePrince,不敬の皇子、オーメンダール（ふけいのおうじおーめんだーる）,　9,7,　レア,　〔黒〕伝説のクリーチャー,　３,(Ｔ)：あなたのマナ・プールに(◇)を加える。(５) (Ｔ) ライフを１点支払う：白であり黒である1/1の人間(Human)・クレリック(Cleric)・クリーチャー・トークンを１体戦場に出す。(５) (Ｔ) クリーチャー５体を生け贄に捧げる：ウェストヴェイルの修道院を変身させ、その後これをアンタップする。飛行、絆魂、破壊不能、速攻
　WoodlandStream,森林地の小川（しんりんちのおがわ）,　9,7,　アンコモン,　土地,　３,森林地の小川はタップ状態で戦場に出る。(Ｔ)：あなたのマナ・プールに(緑)か(青)を加える。
　Plains,平地（へいち）,　9,7,　基本土地,　基本土地,　３,(白)
　Plains,平地（へいち）,　9,7,　基本土地,　基本土地,　３,(白)
　Plains,平地（へいち）,　9,7,　基本土地,　基本土地,　３,(白)
　Island,島（しま）,　9,7,　基本土地,　基本土地,　３,(青)
　Island,島（しま）,　9,7,　基本土地,　基本土地,　３,(青)
　Island,島（しま）,　9,7,　基本土地,　基本土地,　３,(青)
　Swamp,沼（ぬま）,　9,7,　基本土地,　基本土地,　３,(黒)
　Swamp,沼（ぬま）,　9,7,　基本土地,　基本土地,　３,(黒)
　Swamp,沼（ぬま）,　9,7,　基本土地,　基本土地,　３,(黒)
　Mountain,山（やま）,　9,7,　基本土地,　基本土地,　３,(赤)
　Mountain,山（やま）,　9,7,　基本土地,　基本土地,　３,(赤)
　Mountain,山（やま）,　9,7,　基本土地,　基本土地,　３,(赤)
　Forest,森（もり）,　9,7,　基本土地,　基本土地,　３,(緑)
　Forest,森（もり）,　9,7,　基本土地,　基本土地,　３,(緑)
　Forest,森（もり）,　9,7,　基本土地,　基本土地,　３,(緑)
